priority_rank,user_id,priority_score,fraud_events,transaction_count,fraud_rate_pct,fraud_rate_wilson_lower_pct,expected_fraud_events,fraud_excess_z,fraud_types,fraud_type_list,fraud_merchant_countries,fraud_merchant_country_list,fraud_currencies,repeatability_score,conviction_score,abnormality_score,breadth_score,severity_score,severity_only_rank,kyc_states,recorded_fraud_amount_by_currency,selection_rationale
1,dc283b17-bbe1-4ae9-a11c-0029d5ae71d9,99.40050167224081,1029,1029,100.0,99.62805526036132,20.29034050833467,221.22559840091688,5,"ATM, BANK_TRANSFER, CARD_PAYMENT, P2P, TOPUP",11,"AUT, BRA, CAN, CHE, ESP, GBR, IRL, LUX, NLD, POL, USA",2,100.0,100.0,100.0,96.00334448160534,100.0,1,PENDING,"{""EUR"": 2558.0, ""GBP"": 60983930.0}","Priority rank 1: 1029 confirmed events across 5 transaction type(s) and 11 merchant country/countries. Strongest signals: repeatability (100.0/100), conservative fraud-rate conviction (100.0/100), excess fraud versus transaction mix (100.0/100). Amount severity is capped at 10% of the score."
2,b8271606-4633-4d8f-8729-a2c8ebb8a49f,97.84364548494983,340,340,100.0,98.88274135532174,7.931748453057661,114.3585222284232,5,"ATM, BANK_TRANSFER, CARD_PAYMENT, P2P, TOPUP",3,"GBR, POL, USA",4,98.66220735785953,98.66220735785953,98.66220735785953,93.42809364548495,98.32775919732441,6,PASSED,"{""EUR"": 0.0, ""GBP"": 2138551.0, ""PLN"": 8960778.0, ""USD"": 728313.0}","Priority rank 2: 340 confirmed events across 5 transaction type(s) and 3 merchant country/countries. Strongest signals: repeatability (98.7/100), conservative fraud-rate conviction (98.7/100), excess fraud versus transaction mix (98.7/100). Amount severity is capped at 10% of the score."
3,25c2ecb3-5ec7-4fa6-8fc3-bbcf3a691217,97.56229096989966,460,460,100.0,99.17178623047178,10.723566274360968,134.1059975750186,5,"ATM, BANK_TRANSFER, CARD_PAYMENT, P2P, TOPUP",5,"CHN, GBR, IRL, LUX, NLD",2,98.99665551839465,98.99665551839465,99.33110367892976,95.00836120401338,89.96655518394648,31,PASSED,"{""GBP"": 3620232.0, ""USD"": 0.0}","Priority rank 3: 460 confirmed events across 5 transaction type(s) and 5 merchant country/countries. Strongest signals: excess fraud versus transaction mix (99.3/100), repeatability (99.0/100), conservative fraud-rate conviction (99.0/100). Amount severity is capped at 10% of the score."
4,5c75c857-61f0-400e-ac7b-25451c57e8de,96.57943143812709,238,238,100.0,98.41152225258185,5.154321298262754,97.9214737083578,5,"ATM, BANK_TRANSFER, CARD_PAYMENT, P2P, TOPUP",3,"FRA, GBR, IRL",2,97.9933110367893,97.9933110367893,97.65886287625418,92.02341137123746,93.47826086956522,20,PENDING,"{""EUR"": 2623.0, ""GBP"": 2494982.0}","Priority rank 4: 238 confirmed events across 5 transaction type(s) and 3 merchant country/countries. Strongest signals: repeatability (98.0/100), conservative fraud-rate conviction (98.0/100), excess fraud versus transaction mix (97.7/100). Amount severity is capped at 10% of the score."
5,4ee8690a-ebf7-435b-9fe2-103e8f83edc6,96.01212374581941,508,508,100.0,99.2494553002335,13.93311846714667,130.04859210376338,5,"ATM, BANK_TRANSFER, CARD_PAYMENT, P2P, TOPUP",8,"AUS, CYP, DEU, FRA, GBR, IRL, NLD, USA",2,99.33110367892976,99.33110367892976,98.99665551839465,95.71070234113712,72.24080267558529,84,PASSED,"{""EUR"": 1000921.0, ""GBP"": 1949334.0}","Priority rank 5: 508 confirmed events across 5 transaction type(s) and 8 merchant country/countries. Strongest signals: repeatability (99.3/100), conservative fraud-rate conviction (99.3/100), excess fraud versus transaction mix (99.0/100). Amount severity is capped at 10% of the score."
6,6eb51e3f-6e8b-45ee-bf01-82495df9c930,94.89214046822741,590,590,100.0,99.35309348486196,12.623752151074214,159.37856194417733,4,"ATM, BANK_TRANSFER, CARD_PAYMENT, TOPUP",18,"AUS, BEL, CHE, CZE, DEU, DNK, ESP, FRA, GBR, IRL, LUX, MYS, NLD, NOR, SWE, THA, USA, VNM",4,99.66555183946488,99.66555183946488,99.66555183946488,85.90301003344482,72.5752508361204,83,PASSED,"{""EUR"": 7514.0, ""GBP"": 2530311.0, ""NOK"": 1361005.0, ""USD"": 20154.0}","Priority rank 6: 590 confirmed events across 4 transaction type(s) and 18 merchant country/countries. Strongest signals: repeatability (99.7/100), conservative fraud-rate conviction (99.7/100), excess fraud versus transaction mix (99.7/100). Amount severity is capped at 10% of the score."
7,e43ca889-da03-4192-badd-b4f2ca8fb9a1,94.02215719063544,274,274,100.0,98.61734167957572,6.413798730632073,101.76661942204125,5,"ATM, BANK_TRANSFER, CARD_PAYMENT, P2P, TOPUP",8,"AUT, BEL, GBR, HUN, IRL, LUX, ROM, USA",2,98.32775919732441,98.32775919732441,98.32775919732441,95.71070234113712,59.19732441471572,123,PASSED,"{""EUR"": 5000.0, ""GBP"": 1963972.0}","Priority rank 7: 274 confirmed events across 5 transaction type(s) and 8 merchant country/countries. Strongest signals: repeatability (98.3/100), conservative fraud-rate conviction (98.3/100), excess fraud versus transaction mix (98.3/100). Amount severity is capped at 10% of the score."
8,2ba04c04-64a4-48f9-8f50-896f573a0845,93.72826086956523,200,200,100.0,98.11539940816793,4.581822082667903,86.6872511188615,5,"ATM, BANK_TRANSFER, CARD_PAYMENT, P2P, TOPUP",2,"GBR, GIB",1,96.98996655518395,96.98996655518395,96.32107023411372,80.15050167224081,90.96989966555184,28,PASSED,"{""GBP"": 6107270.0}","Priority rank 8: 200 confirmed events across 5 transaction type(s) and 2 merchant country/countries. Strongest signals: repeatability (97.0/100), conservative fraud-rate conviction (97.0/100), excess fraud versus transaction mix (96.3/100). Amount severity is capped at 10% of the score."
9,3c11dc04-36f1-4412-8b00-82c7efa4cac2,93.22491638795987,189,189,100.0,98.00789871065166,4.352044372422473,83.82665213712339,4,"ATM, BANK_TRANSFER, CARD_PAYMENT, TOPUP",9,"AUT, CZE, ESP, FRA, GBR, IRL, MLT, NLD, USA",2,95.31772575250837,95.31772575250837,95.9866220735786,84.26421404682274,89.63210702341136,32,PASSED,"{""EUR"": 4163708.0, ""GBP"": 109206.0}","Priority rank 9: 189 confirmed events across 4 transaction type(s) and 9 merchant country/countries. Strongest signals: excess fraud versus transaction mix (96.0/100), repeatability (95.3/100), conservative fraud-rate conviction (95.3/100). Amount severity is capped at 10% of the score."
10,eea32e33-107a-49a5-91c1-3d10b118a154,91.16722408026756,225,225,100.0,98.32128424202591,5.163766280011496,92.37333283065759,5,"ATM, BANK_TRANSFER, CARD_PAYMENT, P2P, TOPUP",4,"GBR, IRL, LUX, NLD",1,97.32441471571906,97.32441471571906,97.32441471571906,86.8227424749164,51.50501672240802,146,PASSED,"{""GBP"": 1495876.0}","Priority rank 10: 225 confirmed events across 5 transaction type(s) and 4 merchant country/countries. Strongest signals: repeatability (97.3/100), conservative fraud-rate conviction (97.3/100), excess fraud versus transaction mix (97.3/100). Amount severity is capped at 10% of the score."
11,3b340c79-cee0-4142-9636-123604859d05,91.10660535117057,195,195,100.0,98.06800991341854,3.1715650060909906,100.11228470775306,4,"BANK_TRANSFER, CARD_PAYMENT, P2P, TOPUP",3,"GBR, HKG, HUN",1,96.32107023411372,96.32107023411372,97.9933110367893,73.15217391304348,75.58528428093646,74,PASSED,"{""GBP"": 1815500.0}","Priority rank 11: 195 confirmed events across 4 transaction type(s) and 3 merchant country/countries. Strongest signals: excess fraud versus transaction mix (98.0/100), repeatability (96.3/100), conservative fraud-rate conviction (96.3/100). Amount severity is capped at 10% of the score."
12,bd62a87e-b98a-464b-b676-753a584c46cc,90.77257525083613,145,145,100.0,97.41900113946636,3.5087094670200694,70.66875120562649,5,"ATM, BANK_TRANSFER, CARD_PAYMENT, P2P, TOPUP",5,"ESP, GBR, NLD, THA, USA",1,93.31103678929766,93.31103678929766,93.31103678929766,87.75919732441473,76.2541806020067,72,PASSED,"{""GBP"": 1178033.0}","Priority rank 12: 145 confirmed events across 5 transaction type(s) and 5 merchant country/countries. Strongest signals: repeatability (93.3/100), conservative fraud-rate conviction (93.3/100), excess fraud versus transaction mix (93.3/100). Amount severity is capped at 10% of the score."
13,1ac43c83-6c00-41cb-943c-7279a79ff2aa,90.68478260869566,143,143,100.0,97.38384762900976,4.8524500465412,59.71272293467037,4,"ATM, BANK_TRANSFER, CARD_PAYMENT, TOPUP",5,"GBR, IRL, LUX, MLT, USA",1,92.97658862876254,92.97658862876254,91.63879598662207,76.13712374581941,97.9933110367893,7,PASSED,"{""GBP"": 4831416.0}","Priority rank 13: 143 confirmed events across 4 transaction type(s) and 5 merchant country/countries. Strongest signals: currency/type-normalised amount severity (98.0/100), repeatability (93.0/100), conservative fraud-rate conviction (93.0/100). Amount severity is capped at 10% of the score."
14,aa4d8c5f-7443-492a-8b35-aff13cb7564f,90.11413043478261,198,198,100.0,98.09672535295003,5.143898395907397,81.17901740476591,5,"ATM, BANK_TRANSFER, CARD_PAYMENT, P2P, TOPUP",1,GBR,1,96.65551839464884,96.65551839464884,95.65217391304348,69.3227424749164,74.24749163879598,78,PASSED,"{""GBP"": 2832811.0}","Priority rank 14: 198 confirmed events across 5 transaction type(s) and 1 merchant country/countries. Strongest signals: repeatability (96.7/100), conservative fraud-rate conviction (96.7/100), excess fraud versus transaction mix (95.7/100). Amount severity is capped at 10% of the score."
15,7e14fe6d-3084-492b-a6ac-7989d37ea887,89.60158862876253,134,134,100.0,97.21303293055217,2.893882375633992,71.16632895717055,4,"ATM, BANK_TRANSFER, CARD_PAYMENT, TOPUP",3,"GBR, IRL, MLT",1,92.3076923076923,92.3076923076923,93.9799331103679,73.15217391304348,90.63545150501672,29,PASSED,"{""GBP"": 3992489.0}","Priority rank 15: 134 confirmed events across 4 transaction type(s) and 3 merchant country/countries. Strongest signals: excess fraud versus transaction mix (94.0/100), repeatability (92.3/100), conservative fraud-rate conviction (92.3/100). Amount severity is capped at 10% of the score."
16,cb788833-8628-4e70-9095-9f3970e216a5,89.47031772575251,226,226,100.0,98.32858803628235,5.31322234098482,91.53092397182525,4,"ATM, BANK_TRANSFER, CARD_PAYMENT, TOPUP",5,"GBR, IRL, LUX, NLD, USA",3,97.65886287625418,97.65886287625418,96.98996655518395,84.54013377926421,36.78929765886287,190,PASSED,"{""EUR"": 17060.0, ""GBP"": 461765.0, ""USD"": 311190.0}","Priority rank 16: 226 confirmed events across 4 transaction type(s) and 5 merchant country/countries. Strongest signals: repeatability (97.7/100), conservative fraud-rate conviction (97.7/100), excess fraud versus transaction mix (97.0/100). Amount severity is capped at 10% of the score."
17,8bf3c156-d094-49bd-86c7-93ad7d4e030f,89.31563545150502,136,136,100.0,97.25289184334275,3.537983943677356,65.91876570342339,4,"ATM, BANK_TRANSFER, CARD_PAYMENT, TOPUP",2,"GBR, USA",3,92.64214046822742,92.64214046822742,92.97658862876254,76.9314381270903,82.2742474916388,54,PASSED,"{""EUR"": 963620.0, ""GBP"": 2672482.0, ""USD"": 0.0}","Priority rank 17: 136 confirmed events across 4 transaction type(s) and 2 merchant country/countries. Strongest signals: excess fraud versus transaction mix (93.0/100), repeatability (92.6/100), conservative fraud-rate conviction (92.6/100). Amount severity is capped at 10% of the score."
18,23aeb3e7-c41a-4337-87a8-89d06969a6a4,89.13336120401337,162,162,100.0,97.6835727585841,5.957818543952509,61.404343740696476,4,"ATM, BANK_TRANSFER, CARD_PAYMENT, TOPUP",3,"BRA, GBR, USA",1,94.31438127090301,94.31438127090301,91.9732441471572,73.15217391304348,78.92976588628763,64,PASSED,"{""GBP"": 5066593.0}","Priority rank 18: 162 confirmed events across 4 transaction type(s) and 3 merchant country/countries. Strongest signals: repeatability (94.3/100), conservative fraud-rate conviction (94.3/100), excess fraud versus transaction mix (92.0/100). Amount severity is capped at 10% of the score."
19,e7990eb5-f39c-477c-899c-a3136c56143e,88.62541806020067,193,193,100.0,98.0483800172321,5.557791205413505,76.15707281723316,5,"ATM, BANK_TRANSFER, CARD_PAYMENT, P2P, TOPUP",4,"CHE, DNK, GBR, IRL",1,95.9866220735786,95.9866220735786,94.31438127090301,86.8227424749164,39.46488294314381,182,PASSED,"{""GBP"": 916429.0}","Priority rank 19: 193 confirmed events across 5 transaction type(s) and 4 merchant country/countries. Strongest signals: repeatability (96.0/100), conservative fraud-rate conviction (96.0/100), excess fraud versus transaction mix (94.3/100). Amount severity is capped at 10% of the score."
20,3c65dee2-6496-4f8b-8efc-efc73b315129,88.60702341137123,173,173,100.0,97.82766045998227,3.1694860870205637,88.65701422089681,4,"ATM, BANK_TRANSFER, CARD_PAYMENT, TOPUP",2,"GBR, LUX",1,94.98327759197325,94.98327759197325,96.65551839464884,68.52842809364549,67.55852842809364,98,PASSED,"{""GBP"": 1035430.0}","Priority rank 20: 173 confirmed events across 4 transaction type(s) and 2 merchant country/countries. Strongest signals: excess fraud versus transaction mix (96.7/100), repeatability (95.0/100), conservative fraud-rate conviction (95.0/100). Amount severity is capped at 10% of the score."
21,3bab4a49-81d3-4cd2-bb6c-fc2d8baa4eb9,88.45610367892975,112,112,100.0,96.68374746205163,3.0509177833949397,57.816695714244574,4,"ATM, BANK_TRANSFER, CARD_PAYMENT, TOPUP",3,"GBR, GIB, USA",1,91.1371237458194,91.1371237458194,90.63545150501672,73.15217391304348,92.3076923076923,24,PASSED,"{""GBP"": 3842999.0}","Priority rank 21: 112 confirmed events across 4 transaction type(s) and 3 merchant country/countries. Strongest signals: currency/type-normalised amount severity (92.3/100), repeatability (91.1/100), conservative fraud-rate conviction (91.1/100). Amount severity is capped at 10% of the score."
22,5151da7c-4008-43f0-9471-da9bce725db3,88.2621237458194,113,113,100.0,96.71212992632762,3.283414339895331,56.406653064998316,3,"ATM, CARD_PAYMENT, TOPUP",4,"AUT, ESP, GBR, GIB",2,91.63879598662207,91.63879598662207,89.63210702341136,66.89799331103679,98.99665551839465,4,PASSED,"{""EUR"": 1939926.0, ""GBP"": 2263325.0}","Priority rank 22: 113 confirmed events across 3 transaction type(s) and 4 merchant country/countries. Strongest signals: currency/type-normalised amount severity (99.0/100), repeatability (91.6/100), conservative fraud-rate conviction (91.6/100). Amount severity is capped at 10% of the score."
23,c0b5c82a-a924-4391-b661-614894d89f4a,86.82148829431438,112,112,100.0,96.68374746205163,3.2426943261428285,56.21681808222889,5,"ATM, BANK_TRANSFER, CARD_PAYMENT, P2P, TOPUP",3,"BRA, GBR, NLD",1,91.1371237458194,91.1371237458194,89.29765886287625,84.7742474916388,61.20401337792642,117,PASSED,"{""GBP"": 329163.0}","Priority rank 23: 112 confirmed events across 5 transaction type(s) and 3 merchant country/countries. Strongest signals: repeatability (91.1/100), conservative fraud-rate conviction (91.1/100), excess fraud versus transaction mix (89.3/100). Amount severity is capped at 10% of the score."
24,cd124b45-d494-4bb7-ad50-3b94093aa363,86.32441471571904,100,100,100.0,96.3005192523998,3.885104339409355,45.89873678001445,4,"ATM, BANK_TRANSFER, CARD_PAYMENT, TOPUP",2,"BRA, GBR",1,89.79933110367892,89.79933110367892,86.2876254180602,68.52842809364549,93.9799331103679,19,PASSED,"{""GBP"": 4146927.0}","Priority rank 24: 100 confirmed events across 4 transaction type(s) and 2 merchant country/countries. Strongest signals: currency/type-normalised amount severity (94.0/100), repeatability (89.8/100), conservative fraud-rate conviction (89.8/100). Amount severity is capped at 10% of the score."
25,9d50677d-f779-4528-bed8-5d41f9dbf12a,85.86496655518394,161,161,100.0,97.66952031526023,3.2966126496586408,80.93621237160662,4,"ATM, BANK_TRANSFER, CARD_PAYMENT, TOPUP",2,"GBR, LTU",2,93.9799331103679,93.9799331103679,95.31772575250837,75.77759197324414,37.45819397993311,188,PASSED,"{""EUR"": 356562.0, ""GBP"": 367877.0}","Priority rank 25: 161 confirmed events across 4 transaction type(s) and 2 merchant country/countries. Strongest signals: excess fraud versus transaction mix (95.3/100), repeatability (94.0/100), conservative fraud-rate conviction (94.0/100). Amount severity is capped at 10% of the score."
26,e3b7d429-5000-4cb1-9125-925688a5d884,85.85200668896323,118,118,100.0,96.84705387979146,2.8920585711815243,62.49907875039733,4,"ATM, BANK_TRANSFER, CARD_PAYMENT, TOPUP",5,"GBR, IRL, ITA, LUX, USA",1,91.9732441471572,91.9732441471572,92.3076923076923,76.13712374581941,53.84615384615385,139,PENDING,"{""GBP"": 1049349.0}","Priority rank 26: 118 confirmed events across 4 transaction type(s) and 5 merchant country/countries. Strongest signals: excess fraud versus transaction mix (92.3/100), repeatability (92.0/100), conservative fraud-rate conviction (92.0/100). Amount severity is capped at 10% of the score."
27,0bed6203-0ed0-4e40-8f9c-e52ed7dedb6a,84.96362876254179,96,96,100.0,96.15230525151841,3.7475290823556393,44.76203543546808,5,"ATM, BANK_TRANSFER, CARD_PAYMENT, P2P, TOPUP",1,GBR,1,88.62876254180601,88.62876254180601,84.94983277591973,69.3227424749164,88.2943143812709,36,PASSED,"{""GBP"": 5388587.0}","Priority rank 27: 96 confirmed events across 5 transaction type(s) and 1 merchant country/countries. Strongest signals: repeatability (88.6/100), conservative fraud-rate conviction (88.6/100), currency/type-normalised amount severity (88.3/100). Amount severity is capped at 10% of the score."
28,bdab8e60-3375-40b7-98ae-d47ef2ef6bf7,84.88670568561872,85,85,100.0,95.67589957857581,2.8887972285100387,44.60459722978786,4,"ATM, BANK_TRANSFER, CARD_PAYMENT, TOPUP",2,"GBR, NLD",2,86.12040133779264,86.12040133779264,84.2809364548495,75.77759197324414,92.97658862876254,22,PASSED,"{""GBP"": 5882763.0, ""USD"": 0.0}","Priority rank 28: 85 confirmed events across 4 transaction type(s) and 2 merchant country/countries. Strongest signals: currency/type-normalised amount severity (93.0/100), repeatability (86.1/100), conservative fraud-rate conviction (86.1/100). Amount severity is capped at 10% of the score."
29,eab966ce-5539-4a89-8be5-67b1e359203d,84.83361204013379,192,192,100.0,98.03841471883398,5.329334999065656,77.31549978851471,3,"CARD_PAYMENT, P2P, TOPUP",4,"AUT, ESP, GBR, USA",1,95.65217391304348,95.65217391304348,94.64882943143813,59.64882943143812,43.47826086956522,170,PENDING,"{""GBP"": 1024497.0}","Priority rank 29: 192 confirmed events across 3 transaction type(s) and 4 merchant country/countries. Strongest signals: repeatability (95.7/100), conservative fraud-rate conviction (95.7/100), excess fraud versus transaction mix (94.6/100). Amount severity is capped at 10% of the score."
30,562fc22b-7766-4f6c-b69f-15d57565a00a,84.65384615384615,87,87,100.0,95.77110046498521,3.078668125966099,44.36205491675198,5,"ATM, BANK_TRANSFER, CARD_PAYMENT, P2P, TOPUP",4,"AUT, GBR, NLD, USA",1,87.123745819398,87.123745819398,83.94648829431438,86.8227424749164,69.23076923076923,93,PASSED,"{""GBP"": 2466180.0}","Priority rank 30: 87 confirmed events across 5 transaction type(s) and 4 merchant country/countries. Strongest signals: repeatability (87.1/100), conservative fraud-rate conviction (87.1/100), attack breadth (86.8/100). Amount severity is capped at 10% of the score."
31,c9f032a6-8383-4a96-aeaa-18aa3f57dcde,84.4933110367893,158,158,100.0,97.62632104477463,3.45029925995431,77.7594481442605,4,"ATM, BANK_TRANSFER, CARD_PAYMENT, TOPUP",2,"GBR, HKG",1,93.64548494983278,93.64548494983278,94.98327759197325,68.52842809364549,37.12374581939799,189,PASSED,"{""GBP"": 488174.0}","Priority rank 31: 158 confirmed events across 4 transaction type(s) and 2 merchant country/countries. Strongest signals: excess fraud versus transaction mix (95.0/100), repeatability (93.6/100), conservative fraud-rate conviction (93.6/100). Amount severity is capped at 10% of the score."
32,9fa08d28-fdf0-49d5-a92c-7fb78512a8ab,84.1316889632107,72,72,100.0,94.93470601886035,2.6781626896286057,38.8849909586352,4,"ATM, BANK_TRANSFER, CARD_PAYMENT, TOPUP",4,"ESP, GBR, NLD, USA",2,83.11036789297658,83.11036789297658,80.93645484949833,82.44983277591973,98.66220735785953,5,PASSED,"{""EUR"": 179658.0, ""GBP"": 4988219.0}","Priority rank 32: 72 confirmed events across 4 transaction type(s) and 4 merchant country/countries. Strongest signals: currency/type-normalised amount severity (98.7/100), repeatability (83.1/100), conservative fraud-rate conviction (83.1/100). Amount severity is capped at 10% of the score."
33,96fc0ed1-a485-4c8c-8278-13bf27b97647,83.68645484949833,78,78,100.0,95.30605462258802,2.7675132514783845,41.6194885063925,5,"ATM, BANK_TRANSFER, CARD_PAYMENT, P2P, TOPUP",2,"GBR, NLD",1,84.44816053511705,84.44816053511705,82.6086956521739,80.15050167224081,86.95652173913044,40,PASSED,"{""GBP"": 2081643.0}","Priority rank 33: 78 confirmed events across 5 transaction type(s) and 2 merchant country/countries. Strongest signals: currency/type-normalised amount severity (87.0/100), repeatability (84.4/100), conservative fraud-rate conviction (84.4/100). Amount severity is capped at 10% of the score."
34,4032167e-c809-4610-a310-036445285227,83.53804347826087,98,98,100.0,96.22786759045421,2.311489395560126,57.06785773831932,4,"ATM, BANK_TRANSFER, CARD_PAYMENT, TOPUP",1,GBR,1,88.96321070234113,88.96321070234113,89.96655518394648,57.70066889632107,79.59866220735786,62,PASSED,"{""GBP"": 2448349.0}","Priority rank 34: 98 confirmed events across 4 transaction type(s) and 1 merchant country/countries. Strongest signals: excess fraud versus transaction mix (90.0/100), repeatability (89.0/100), conservative fraud-rate conviction (89.0/100). Amount severity is capped at 10% of the score."
35,a0a68c2a-9656-462f-9b03-0d0cbd60e107,83.4314381270903,92,92,100.0,95.99171967079013,4.030474786267471,41.32952263800213,4,"ATM, BANK_TRANSFER, CARD_PAYMENT, TOPUP",2,"GBR, LTU",1,88.12709030100334,88.12709030100334,81.93979933110369,68.52842809364549,82.94314381270902,52,PASSED,"{""GBP"": 4282817.0}","Priority rank 35: 92 confirmed events across 4 transaction type(s) and 2 merchant country/countries. Strongest signals: repeatability (88.1/100), conservative fraud-rate conviction (88.1/100), currency/type-normalised amount severity (82.9/100). Amount severity is capped at 10% of the score."
36,e663f40d-47f5-4a55-b872-2ccc0512e785,83.42307692307692,105,105,100.0,96.47046717431569,2.471006371302927,59.48327929239092,4,"ATM, BANK_TRANSFER, CARD_PAYMENT, TOPUP",2,"GBR, GIB",1,90.3010033444816,90.3010033444816,91.30434782608695,68.52842809364549,52.17391304347826,144,PASSED,"{""GBP"": 568561.0}","Priority rank 36: 105 confirmed events across 4 transaction type(s) and 2 merchant country/countries. Strongest signals: excess fraud versus transaction mix (91.3/100), repeatability (90.3/100), conservative fraud-rate conviction (90.3/100). Amount severity is capped at 10% of the score."
37,96425222-107d-47c7-8b1b-8dc3fc624a2a,83.36663879598662,87,87,100.0,95.77110046498521,2.3565776192101704,50.08067804927912,5,"ATM, BANK_TRANSFER, CARD_PAYMENT, P2P, TOPUP",4,"GBR, IRL, MLT, NLD",2,87.123745819398,87.123745819398,87.29096989966555,94.07190635451505,38.79598662207358,184,PASSED,"{""EUR"": 112.0, ""GBP"": 649958.0}","Priority rank 37: 87 confirmed events across 5 transaction type(s) and 4 merchant country/countries. Strongest signals: attack breadth (94.1/100), excess fraud versus transaction mix (87.3/100), repeatability (87.1/100). Amount severity is capped at 10% of the score."
38,772621e4-7985-472f-88ad-9c2b41f483a6,83.15551839464882,100,100,100.0,96.3005192523998,4.049090063678113,44.986979001301414,4,"BANK_TRANSFER, CARD_PAYMENT, P2P, TOPUP",3,"DEU, GBR, NLD",2,89.79933110367892,89.79933110367892,85.28428093645485,80.40133779264214,46.48829431438127,161,PASSED,"{""EUR"": 523471.0, ""GBP"": 1424559.0}","Priority rank 38: 100 confirmed events across 4 transaction type(s) and 3 merchant country/countries. Strongest signals: repeatability (89.8/100), conservative fraud-rate conviction (89.8/100), excess fraud versus transaction mix (85.3/100). Amount severity is capped at 10% of the score."
39,4e9eab11-8a7d-4a9b-8a58-72a388b48b19,83.15342809364549,109,109,100.0,96.59558177126165,2.892799877603554,57.60573642348588,4,"ATM, BANK_TRANSFER, CARD_PAYMENT, TOPUP",1,GBR,1,90.63545150501672,90.63545150501672,90.3010033444816,57.70066889632107,65.88628762541806,103,PASSED,"{""GBP"": 1812920.0}","Priority rank 39: 109 confirmed events across 4 transaction type(s) and 1 merchant country/countries. Strongest signals: repeatability (90.6/100), conservative fraud-rate conviction (90.6/100), excess fraud versus transaction mix (90.3/100). Amount severity is capped at 10% of the score."
40,943a8456-f3c0-415f-a7c1-211ba5c439ae,82.82065217391303,85,85,100.0,95.67589957857581,2.819870041158458,45.10308852540455,4,"ATM, BANK_TRANSFER, CARD_PAYMENT, TOPUP",3,"DEU, GBR, NLD",1,86.12040133779264,86.12040133779264,85.61872909698997,73.15217391304348,73.57859531772574,80,PASSED,"{""GBP"": 1704690.0}","Priority rank 40: 85 confirmed events across 4 transaction type(s) and 3 merchant country/countries. Strongest signals: repeatability (86.1/100), conservative fraud-rate conviction (86.1/100), excess fraud versus transaction mix (85.6/100). Amount severity is capped at 10% of the score."
41,354538c6-f0c0-474a-b5de-34aaedcae63a,82.31939799331104,79,79,100.0,95.36271631644004,1.5780158926578465,53.70810935491476,3,"ATM, CARD_PAYMENT, TOPUP",2,"GBR, IND",1,85.11705685618729,85.11705685618729,88.96321070234113,52.97658862876254,97.65886287625418,8,PASSED,"{""GBP"": 1436115.0}","Priority rank 41: 79 confirmed events across 3 transaction type(s) and 2 merchant country/countries. Strongest signals: currency/type-normalised amount severity (97.7/100), excess fraud versus transaction mix (89.0/100), repeatability (85.1/100). Amount severity is capped at 10% of the score."
42,20a39f14-80ba-4feb-a4ef-fb66a51f7d75,82.05183946488295,89,89,100.0,95.86219970358115,4.442199143369841,38.03588791628974,4,"ATM, BANK_TRANSFER, CARD_PAYMENT, TOPUP",2,"GBR, IRL",1,87.62541806020067,87.62541806020067,80.2675585284281,68.52842809364549,75.25083612040135,75,PASSED,"{""GBP"": 4024912.0}","Priority rank 42: 89 confirmed events across 4 transaction type(s) and 2 merchant country/countries. Strongest signals: repeatability (87.6/100), conservative fraud-rate conviction (87.6/100), excess fraud versus transaction mix (80.3/100). Amount severity is capped at 10% of the score."
43,1206fe8d-e1fb-4965-acf5-07b9e3b84462,81.95150501672241,81,81,100.0,95.4720325877871,1.691376896797675,53.574961881608374,4,"ATM, BANK_TRANSFER, CARD_PAYMENT, TOPUP",2,"GBR, GIB",1,85.61872909698997,85.61872909698997,88.62876254180601,68.52842809364549,68.56187290969899,95,PASSED,"{""GBP"": 641552.0}","Priority rank 43: 81 confirmed events across 4 transaction type(s) and 2 merchant country/countries. Strongest signals: excess fraud versus transaction mix (88.6/100), repeatability (85.6/100), conservative fraud-rate conviction (85.6/100). Amount severity is capped at 10% of the score."
44,ab9befc4-4126-49f4-9bd5-3845624dd1b3,81.82399665551841,164,164,100.0,97.71117529861488,4.577145435846264,70.7523353165728,3,"BANK_TRANSFER, CARD_PAYMENT, TOPUP",1,GBR,1,94.64882943143813,94.64882943143813,93.64548494983278,42.14882943143812,47.15719063545151,159,PASSED,"{""GBP"": 380086.0}","Priority rank 44: 164 confirmed events across 3 transaction type(s) and 1 merchant country/countries. Strongest signals: repeatability (94.6/100), conservative fraud-rate conviction (94.6/100), excess fraud versus transaction mix (93.6/100). Amount severity is capped at 10% of the score."
45,310667d1-92c6-4fc7-83f1-55b61773ace5,81.53135451505017,60,60,100.0,93.98260695220671,1.7212847072500157,39.10279995952117,4,"BANK_TRANSFER, CARD_PAYMENT, P2P, TOPUP",2,"GBR, NLD",3,80.43478260869566,80.43478260869566,81.27090301003345,76.9314381270903,94.98327759197325,16,PASSED,"{""EUR"": 1126993.0, ""GBP"": 6563771.0, ""USD"": 5769789.0}","Priority rank 45: 60 confirmed events across 4 transaction type(s) and 2 merchant country/countries. Strongest signals: currency/type-normalised amount severity (95.0/100), excess fraud versus transaction mix (81.3/100), repeatability (80.4/100). Amount severity is capped at 10% of the score."
46,6960247a-fbc2-4b04-9308-9ec5dc9d2f19,81.04473244147158,55,55,100.0,93.4712856210572,1.847852567778729,34.68849072332498,5,"ATM, BANK_TRANSFER, CARD_PAYMENT, P2P, TOPUP",2,"GBR, IRL",2,78.09364548494983,78.09364548494983,76.58862876254182,87.39966555183946,96.65551839464884,11,PASSED,"{""EUR"": 100.0, ""GBP"": 3633688.0}","Priority rank 46: 55 confirmed events across 5 transaction type(s) and 2 merchant country/countries. Strongest signals: currency/type-normalised amount severity (96.7/100), attack breadth (87.4/100), repeatability (78.1/100). Amount severity is capped at 10% of the score."
47,d634a057-e42b-4f12-b22e-42dc596dac0b,80.99790969899665,78,78,100.0,95.30605462258802,1.783536270181258,50.436487942235985,4,"ATM, CARD_PAYMENT, P2P, TOPUP",3,"GBR, IRL, NLD",1,84.44816053511705,84.44816053511705,87.62541806020067,73.15217391304348,60.535117056856194,119,PASSED,"{""GBP"": 895332.0}","Priority rank 47: 78 confirmed events across 4 transaction type(s) and 3 merchant country/countries. Strongest signals: excess fraud versus transaction mix (87.6/100), repeatability (84.4/100), conservative fraud-rate conviction (84.4/100). Amount severity is capped at 10% of the score."
48,8660c9f5-48dd-4c92-b072-c358ee27f7e5,80.22784280936455,92,92,100.0,95.99171967079013,1.889561703066462,58.29294241093824,3,"ATM, CARD_PAYMENT, TOPUP",6,"CAN, ESP, GBR, IRL, LUX, NLD",1,88.12709030100334,88.12709030100334,90.96989966555184,60.99498327759196,44.14715719063545,168,PASSED,"{""GBP"": 477958.0}","Priority rank 48: 92 confirmed events across 3 transaction type(s) and 6 merchant country/countries. Strongest signals: excess fraud versus transaction mix (91.0/100), repeatability (88.1/100), conservative fraud-rate conviction (88.1/100). Amount severity is capped at 10% of the score."
49,c51c8f21-2361-4550-beca-ae0dfb411e59,79.73578595317726,99,99,100.0,96.26454664260378,1.8808503002640025,62.94175189869291,3,"BANK_TRANSFER, CARD_PAYMENT, TOPUP",2,"GBR, IRL",1,89.29765886287625,89.29765886287625,92.64214046822742,52.97658862876254,41.47157190635451,176,PASSED,"{""GBP"": 196648.0}","Priority rank 49: 99 confirmed events across 3 transaction type(s) and 2 merchant country/countries. Strongest signals: excess fraud versus transaction mix (92.6/100), repeatability (89.3/100), conservative fraud-rate conviction (89.3/100). Amount severity is capped at 10% of the score."
50,4f01cd71-a8dc-4cb8-9526-e7f81818c87a,79.63377926421404,86,86,100.0,95.72402984808818,2.20571958571102,50.941647122433494,3,"ATM, CARD_PAYMENT, TOPUP",1,GBR,2,86.62207357859532,86.62207357859532,87.95986622073578,49.397993311036785,69.89966555183946,91,PASSED,"{""EUR"": 100.0, ""GBP"": 665668.0}","Priority rank 50: 86 confirmed events across 3 transaction type(s) and 1 merchant country/countries. Strongest signals: excess fraud versus transaction mix (88.0/100), repeatability (86.6/100), conservative fraud-rate conviction (86.6/100). Amount severity is capped at 10% of the score."
51,7a0932e1-e887-41c4-b068-3f2ca899f795,79.53469899665552,66,66,100.0,94.49955327483906,2.2925588050491372,38.123169361552016,4,"ATM, BANK_TRANSFER, CARD_PAYMENT, TOPUP",3,"GBR, HKG, MDA",1,81.27090301003345,81.27090301003345,80.60200668896321,73.15217391304348,77.4247491638796,68,PASSED,"{""GBP"": 1524835.0}","Priority rank 51: 66 confirmed events across 4 transaction type(s) and 3 merchant country/countries. Strongest signals: repeatability (81.3/100), conservative fraud-rate conviction (81.3/100), excess fraud versus transaction mix (80.6/100). Amount severity is capped at 10% of the score."
52,9b0d839d-66a5-49a6-8300-03dc4a0a0e0a,79.14632107023412,67,67,100.0,94.57719757882373,1.9560491113640248,41.503850481963,5,"ATM, BANK_TRANSFER, CARD_PAYMENT, P2P, TOPUP",2,"GBR, NLD",1,81.60535117056857,81.60535117056857,82.2742474916388,80.15050167224081,57.859531772575245,126,PASSED,"{""GBP"": 412810.0}","Priority rank 52: 67 confirmed events across 5 transaction type(s) and 2 merchant country/countries. Strongest signals: excess fraud versus transaction mix (82.3/100), repeatability (81.6/100), conservative fraud-rate conviction (81.6/100). Amount severity is capped at 10% of the score."
53,024320ea-0cfa-4ce9-8d44-ad9fbfaf29e4,78.87249163879599,69,69,100.0,94.72609058559944,1.7647825225667428,44.67695457010178,4,"ATM, BANK_TRANSFER, CARD_PAYMENT, TOPUP",1,GBR,1,82.6086956521739,82.6086956521739,84.61538461538461,57.70066889632107,78.59531772575251,65,PASSED,"{""GBP"": 577685.0}","Priority rank 53: 69 confirmed events across 4 transaction type(s) and 1 merchant country/countries. Strongest signals: excess fraud versus transaction mix (84.6/100), repeatability (82.6/100), conservative fraud-rate conviction (82.6/100). Amount severity is capped at 10% of the score."
54,11fa06ae-839a-4279-b85e-191f57d0138a,78.55476588628763,63,63,100.0,94.25268096514743,2.5222840030459643,34.787862513206946,4,"ATM, BANK_TRANSFER, CARD_PAYMENT, TOPUP",1,GBR,1,80.93645484949833,80.93645484949833,77.25752508361204,57.70066889632107,99.33110367892976,3,PASSED,"{""GBP"": 5798352.0}","Priority rank 54: 63 confirmed events across 4 transaction type(s) and 1 merchant country/countries. Strongest signals: currency/type-normalised amount severity (99.3/100), repeatability (80.9/100), conservative fraud-rate conviction (80.9/100). Amount severity is capped at 10% of the score."
55,fc5c44cb-9fe7-4f8f-a644-7a366be75835,78.14715719063545,57,57,100.0,93.6858991216536,2.3048144907588393,32.65855975628166,4,"BANK_TRANSFER, CARD_PAYMENT, P2P, TOPUP",2,"GBR, ITA",1,79.4314381270903,79.4314381270903,75.25083612040135,68.52842809364549,91.30434782608695,27,PASSED,"{""GBP"": 1234630.0}","Priority rank 55: 57 confirmed events across 4 transaction type(s) and 2 merchant country/countries. Strongest signals: currency/type-normalised amount severity (91.3/100), repeatability (79.4/100), conservative fraud-rate conviction (79.4/100). Amount severity is capped at 10% of the score."
56,1dec215c-57d4-4612-b26a-149cda86d4a9,77.09824414715717,49,49,100.0,92.72997032640949,1.8473794925411768,30.776142246540964,5,"ATM, BANK_TRANSFER, CARD_PAYMENT, P2P, TOPUP",2,"AUT, GBR",2,74.08026755852842,74.08026755852842,72.5752508361204,87.39966555183946,87.29096989966555,39,PASSED,"{""EUR"": 455.0, ""GBP"": 3266513.0}","Priority rank 56: 49 confirmed events across 5 transaction type(s) and 2 merchant country/countries. Strongest signals: attack breadth (87.4/100), currency/type-normalised amount severity (87.3/100), repeatability (74.1/100). Amount severity is capped at 10% of the score."
57,6c912369-76ac-45a8-937f-f6766c16b443,76.33904682274247,60,60,100.0,93.98260695220671,2.340301547459068,34.21291997705522,4,"ATM, BANK_TRANSFER, CARD_PAYMENT, TOPUP",1,GBR,1,80.43478260869566,80.43478260869566,76.2541806020067,57.70066889632107,81.93979933110369,55,PASSED,"{""GBP"": 3857060.0}","Priority rank 57: 60 confirmed events across 4 transaction type(s) and 1 merchant country/countries. Strongest signals: currency/type-normalised amount severity (81.9/100), repeatability (80.4/100), conservative fraud-rate conviction (80.4/100). Amount severity is capped at 10% of the score."
58,3bef3290-4395-47dd-8371-c04ef7d138fc,76.2554347826087,55,55,100.0,93.4712856210572,1.6182534919948544,36.677845191708144,4,"ATM, BANK_TRANSFER, CARD_PAYMENT, TOPUP",1,GBR,1,78.09364548494983,78.09364548494983,78.59531772575251,57.70066889632107,89.29765886287625,33,FAILED,"{""GBP"": 1176724.0}","Priority rank 58: 55 confirmed events across 4 transaction type(s) and 1 merchant country/countries. Strongest signals: currency/type-normalised amount severity (89.3/100), excess fraud versus transaction mix (78.6/100), repeatability (78.1/100). Amount severity is capped at 10% of the score."
59,8139996a-2466-4813-9998-2001163eac16,76.23244147157189,74,74,100.0,95.06484964337834,1.3987433127038904,52.68791460872137,4,"ATM, CARD_PAYMENT, P2P, TOPUP",2,"GBR, NLD",1,83.61204013377926,83.61204013377926,88.2943143812709,68.52842809364549,23.076923076923077,231,PASSED,"{""GBP"": 112309.0}","Priority rank 59: 74 confirmed events across 4 transaction type(s) and 2 merchant country/countries. Strongest signals: excess fraud versus transaction mix (88.3/100), repeatability (83.6/100), conservative fraud-rate conviction (83.6/100). Amount severity is capped at 10% of the score."
60,d6b6872c-9801-48a6-93c7-38a9049740ed,75.9878762541806,68,68,100.0,94.65268034119507,1.4931557836235823,47.10811414990186,4,"ATM, BANK_TRANSFER, CARD_PAYMENT, TOPUP",1,GBR,1,82.10702341137124,82.10702341137124,86.62207357859532,57.70066889632107,48.49498327759198,155,PASSED,"{""GBP"": 309768.0}","Priority rank 60: 68 confirmed events across 4 transaction type(s) and 1 merchant country/countries. Strongest signals: excess fraud versus transaction mix (86.6/100), repeatability (82.1/100), conservative fraud-rate conviction (82.1/100). Amount severity is capped at 10% of the score."
61,272e9927-545a-49e0-a7b7-1c7addf2b9e8,75.9126254180602,79,79,100.0,95.36271631644004,2.8347122301849623,41.70882027823309,3,"ATM, CARD_PAYMENT, TOPUP",1,GBR,1,85.11705685618729,85.11705685618729,82.94314381270902,42.14882943143812,61.87290969899666,115,PASSED,"{""GBP"": 2164964.0}","Priority rank 61: 79 confirmed events across 3 transaction type(s) and 1 merchant country/countries. Strongest signals: repeatability (85.1/100), conservative fraud-rate conviction (85.1/100), excess fraud versus transaction mix (82.9/100). Amount severity is capped at 10% of the score."
62,61d44c17-626c-4e98-b512-c5428f7c05cb,75.7311872909699,75,75,100.0,95.12744540953,2.093998603329431,45.266655762828044,4,"ATM, CARD_PAYMENT, P2P, TOPUP",2,"GBR, GIB",2,83.94648829431438,83.94648829431438,85.95317725752508,75.77759197324414,10.033444816053512,270,PASSED,"{""EUR"": 2000.0, ""GBP"": 168618.0}","Priority rank 62: 75 confirmed events across 4 transaction type(s) and 2 merchant country/countries. Strongest signals: excess fraud versus transaction mix (86.0/100), repeatability (83.9/100), conservative fraud-rate conviction (83.9/100). Amount severity is capped at 10% of the score."
63,16aee2d9-7d04-4599-8fa3-52146ab10f72,75.00585284280936,57,57,100.0,93.6858991216536,1.734010404988096,36.97561065708973,5,"ATM, BANK_TRANSFER, CARD_PAYMENT, P2P, TOPUP",1,GBR,2,79.4314381270903,79.4314381270903,78.92976588628763,76.57190635451505,40.468227424749166,179,PASSED,"{""GBP"": 178817.0, ""USD"": 300.0}","Priority rank 63: 57 confirmed events across 5 transaction type(s) and 1 merchant country/countries. Strongest signals: repeatability (79.4/100), conservative fraud-rate conviction (79.4/100), excess fraud versus transaction mix (78.9/100). Amount severity is capped at 10% of the score."
64,5a7bc572-23d4-4032-bf60-a35f99ee2665,74.91722408026756,55,55,100.0,93.4712856210572,2.3020335329198742,31.481628711001274,4,"ATM, BANK_TRANSFER, CARD_PAYMENT, TOPUP",3,"GBR, IRL, NLD",3,78.09364548494983,78.09364548494983,73.91304347826086,81.55518394648828,49.49832775919732,152,PASSED,"{""EUR"": 23740.0, ""GBP"": 689564.0, ""USD"": 6380.0}","Priority rank 64: 55 confirmed events across 4 transaction type(s) and 3 merchant country/countries. Strongest signals: attack breadth (81.6/100), repeatability (78.1/100), conservative fraud-rate conviction (78.1/100). Amount severity is capped at 10% of the score."
65,335a69d2-a556-4a99-9fe0-f6f8d243f7c7,74.56020066889633,72,72,100.0,94.93470601886035,1.6274675582365778,48.24715472240158,3,"ATM, CARD_PAYMENT, TOPUP",2,"GBR, GIB",1,83.11036789297658,83.11036789297658,86.95652173913044,52.97658862876254,35.11705685618729,195,PASSED,"{""GBP"": 326615.0}","Priority rank 65: 72 confirmed events across 3 transaction type(s) and 2 merchant country/countries. Strongest signals: excess fraud versus transaction mix (87.0/100), repeatability (83.1/100), conservative fraud-rate conviction (83.1/100). Amount severity is capped at 10% of the score."
66,cd1985db-c8dd-435a-916e-51bfa62c9e17,74.34071906354515,56,56,100.0,93.58038555118847,1.8975762286317843,34.94061217764105,4,"ATM, BANK_TRANSFER, CARD_PAYMENT, TOPUP",1,GBR,1,78.92976588628763,78.92976588628763,77.92642140468227,57.70066889632107,66.88963210702342,100,PASSED,"{""GBP"": 2310374.0}","Priority rank 66: 56 confirmed events across 4 transaction type(s) and 1 merchant country/countries. Strongest signals: repeatability (78.9/100), conservative fraud-rate conviction (78.9/100), excess fraud versus transaction mix (77.9/100). Amount severity is capped at 10% of the score."
67,6ead3265-caf0-44d0-9c6a-a1fa67a1fd5b,74.02299331103679,54,54,100.0,93.35841332189982,2.299546444049157,30.899433315218413,4,"ATM, BANK_TRANSFER, CARD_PAYMENT, TOPUP",1,GBR,1,77.25752508361204,77.25752508361204,73.57859531772574,57.70066889632107,81.60535117056857,56,PASSED,"{""GBP"": 3014644.0}","Priority rank 67: 54 confirmed events across 4 transaction type(s) and 1 merchant country/countries. Strongest signals: currency/type-normalised amount severity (81.6/100), repeatability (77.3/100), conservative fraud-rate conviction (77.3/100). Amount severity is capped at 10% of the score."
68,50e8f338-72c3-47b0-848e-fd8df4d8f537,73.83695652173911,49,49,100.0,92.72997032640949,2.0245347870635073,29.565172006428483,5,"ATM, BANK_TRANSFER, CARD_PAYMENT, P2P, TOPUP",2,"GBR, NLD",1,74.08026755852842,74.08026755852842,71.23745819397993,80.15050167224081,68.22742474916387,96,PASSED,"{""GBP"": 1758404.0}","Priority rank 68: 49 confirmed events across 5 transaction type(s) and 2 merchant country/countries. Strongest signals: attack breadth (80.2/100), repeatability (74.1/100), conservative fraud-rate conviction (74.1/100). Amount severity is capped at 10% of the score."
69,69ca042c-c73f-4860-86cb-b63bf60243c9,73.58821070234114,68,68,100.0,94.65268034119507,2.2361445316803428,39.75737928567743,3,"ATM, CARD_PAYMENT, TOPUP",1,GBR,1,82.10702341137124,82.10702341137124,81.60535117056857,42.14882943143812,57.859531772575245,126,PASSED,"{""GBP"": 2441997.0}","Priority rank 69: 68 confirmed events across 3 transaction type(s) and 1 merchant country/countries. Strongest signals: repeatability (82.1/100), conservative fraud-rate conviction (82.1/100), excess fraud versus transaction mix (81.6/100). Amount severity is capped at 10% of the score."
70,b695a6a7-b005-4ced-a0c9-8d0208825f59,73.27090301003345,59,59,100.0,93.8868520215908,1.8141568115818427,37.591714782330385,4,"ATM, BANK_TRANSFER, CARD_PAYMENT, TOPUP",1,GBR,2,79.93311036789298,79.93311036789298,79.59866220735786,64.94983277591973,36.45484949832776,191,PENDING,"{""BTC"": 23373.0, ""GBP"": 256085.0}","Priority rank 70: 59 confirmed events across 4 transaction type(s) and 1 merchant country/countries. Strongest signals: repeatability (79.9/100), conservative fraud-rate conviction (79.9/100), excess fraud versus transaction mix (79.6/100). Amount severity is capped at 10% of the score."
71,03025e4f-45c8-4755-bece-be36e98b73af,73.01964882943145,52,52,100.0,93.12054095871177,1.9479276598996935,31.990628596233382,4,"ATM, BANK_TRANSFER, CARD_PAYMENT, TOPUP",1,GBR,1,75.91973244147158,75.91973244147158,74.5819397993311,57.70066889632107,76.92307692307693,70,PASSED,"{""GBP"": 2658917.0}","Priority rank 71: 52 confirmed events across 4 transaction type(s) and 1 merchant country/countries. Strongest signals: currency/type-normalised amount severity (76.9/100), repeatability (75.9/100), conservative fraud-rate conviction (75.9/100). Amount severity is capped at 10% of the score."
72,2cba5310-a7ae-491c-a1f1-02d6f5cec2df,72.30267558528428,48,48,100.0,92.58973488472576,1.2982214843593574,34.826660218033915,3,"ATM, CARD_PAYMENT, TOPUP",2,"AUT, GBR",1,73.41137123745818,73.41137123745818,77.59197324414716,52.97658862876254,84.61538461538461,47,PASSED,"{""GBP"": 1819160.0}","Priority rank 72: 48 confirmed events across 3 transaction type(s) and 2 merchant country/countries. Strongest signals: currency/type-normalised amount severity (84.6/100), excess fraud versus transaction mix (77.6/100), repeatability (73.4/100). Amount severity is capped at 10% of the score."
73,fb2b1817-141d-41cc-b3e7-25eff420eb02,72.17098662207358,55,55,100.0,93.4712856210572,1.03077872362452,43.620430057060034,2,"CARD_PAYMENT, TOPUP",4,"CYP, GBR, IRL, USA",2,78.09364548494983,78.09364548494983,83.61204013377926,54.10535117056856,43.812709030100336,169,FAILED,"{""GBP"": 119350.0, ""USD"": 0.0}","Priority rank 73: 55 confirmed events across 2 transaction type(s) and 4 merchant country/countries. Strongest signals: excess fraud versus transaction mix (83.6/100), repeatability (78.1/100), conservative fraud-rate conviction (78.1/100). Amount severity is capped at 10% of the score."
74,adfb5ad0-10a6-4b6a-98e8-fa056f64afc5,72.125,47,47,100.0,92.44398288016113,1.8786663462566173,29.256014565997834,4,"ATM, BANK_TRANSFER, CARD_PAYMENT, TOPUP",1,GBR,1,72.74247491638796,72.74247491638796,70.5685618729097,57.70066889632107,93.47826086956522,20,PASSED,"{""GBP"": 3957690.0}","Priority rank 74: 47 confirmed events across 4 transaction type(s) and 1 merchant country/countries. Strongest signals: currency/type-normalised amount severity (93.5/100), repeatability (72.7/100), conservative fraud-rate conviction (72.7/100). Amount severity is capped at 10% of the score."
75,40a70d7d-447d-426c-872e-012658b2b98c,72.0831939799331,53,53,100.0,93.24156955469233,2.2044286786892187,30.887878696608926,3,"ATM, CARD_PAYMENT, TOPUP",1,GBR,1,76.75585284280938,76.75585284280938,73.24414715719062,42.14882943143812,88.96321070234113,34,PASSED,"{""GBP"": 4801988.0}","Priority rank 75: 53 confirmed events across 3 transaction type(s) and 1 merchant country/countries. Strongest signals: currency/type-normalised amount severity (89.0/100), repeatability (76.8/100), conservative fraud-rate conviction (76.8/100). Amount severity is capped at 10% of the score."
76,4c0a56f3-373e-4d51-9d37-2ab6fa76faf2,71.61496655518394,44,44,100.0,91.9701682217986,1.253591021786879,32.28014522809547,4,"ATM, CARD_PAYMENT, P2P, TOPUP",1,GBR,1,71.23745819397993,71.23745819397993,74.91638795986621,57.70066889632107,87.95986622073578,37,PASSED,"{""GBP"": 1973280.0}","Priority rank 76: 44 confirmed events across 4 transaction type(s) and 1 merchant country/countries. Strongest signals: currency/type-normalised amount severity (88.0/100), excess fraud versus transaction mix (74.9/100), repeatability (71.2/100). Amount severity is capped at 10% of the score."
77,d0472a1a-3f96-40ff-8acf-4b842b0a8405,71.6086956521739,52,52,100.0,93.12054095871177,2.5978930934930506,28.06805106249429,3,"BANK_TRANSFER, CARD_PAYMENT, TOPUP",2,"CHE, GBR",1,75.91973244147158,75.91973244147158,67.89297658862876,52.97658862876254,83.27759197324414,51,PASSED,"{""GBP"": 2580491.0}","Priority rank 77: 52 confirmed events across 3 transaction type(s) and 2 merchant country/countries. Strongest signals: currency/type-normalised amount severity (83.3/100), repeatability (75.9/100), conservative fraud-rate conviction (75.9/100). Amount severity is capped at 10% of the score."
78,4f41a015-5205-467d-98d6-a90d343e8afb,71.56479933110369,51,51,100.0,92.99509861127318,2.1457509130375696,30.035015819229702,3,"ATM, CARD_PAYMENT, TOPUP",1,GBR,1,75.08361204013379,75.08361204013379,71.90635451505017,42.14882943143812,95.65217391304348,14,PASSED,"{""GBP"": 4598174.0}","Priority rank 78: 51 confirmed events across 3 transaction type(s) and 1 merchant country/countries. Strongest signals: currency/type-normalised amount severity (95.7/100), repeatability (75.1/100), conservative fraud-rate conviction (75.1/100). Amount severity is capped at 10% of the score."
79,4777881b-417f-406f-87f8-c33e1fd6a2b9,71.11329431438128,52,52,100.0,93.12054095871177,2.396400007042729,29.146333286610062,4,"ATM, BANK_TRANSFER, CARD_PAYMENT, TOPUP",1,GBR,1,75.91973244147158,75.91973244147158,69.56521739130434,57.70066889632107,67.89297658862876,97,PASSED,"{""GBP"": 1406846.0}","Priority rank 79: 52 confirmed events across 4 transaction type(s) and 1 merchant country/countries. Strongest signals: repeatability (75.9/100), conservative fraud-rate conviction (75.9/100), excess fraud versus transaction mix (69.6/100). Amount severity is capped at 10% of the score."
80,7af7c91b-67d3-4884-b917-ca50f3f1f3f5,70.83528428093645,39,39,100.0,91.0330146399761,1.0722348025008135,30.248131400416387,5,"ATM, BANK_TRANSFER, CARD_PAYMENT, P2P, TOPUP",2,"AUS, GBR",1,67.22408026755853,67.22408026755853,72.24080267558529,80.15050167224081,73.91304347826086,79,PASSED,"{""GBP"": 1478163.0}","Priority rank 80: 39 confirmed events across 5 transaction type(s) and 2 merchant country/countries. Strongest signals: attack breadth (80.2/100), currency/type-normalised amount severity (73.9/100), excess fraud versus transaction mix (72.2/100). Amount severity is capped at 10% of the score."
81,d641a335-610d-4222-832f-2d572352551e,70.81647157190636,39,39,100.0,91.0330146399761,1.1783999255441873,29.19390377979114,5,"ATM, BANK_TRANSFER, CARD_PAYMENT, P2P, TOPUP",1,GBR,1,67.22408026755853,67.22408026755853,69.89966555183946,69.3227424749164,94.64882943143813,17,PASSED,"{""GBP"": 968864.0}","Priority rank 81: 39 confirmed events across 5 transaction type(s) and 1 merchant country/countries. Strongest signals: currency/type-normalised amount severity (94.6/100), excess fraud versus transaction mix (69.9/100), attack breadth (69.3/100). Amount severity is capped at 10% of the score."
82,9e7aa1b6-8d04-4923-914e-cbab74a5bbdb,70.57817725752508,50,50,100.0,92.86499658256812,1.5780435252585254,33.59038743947134,4,"ATM, BANK_TRANSFER, CARD_PAYMENT, TOPUP",1,GBR,1,74.5819397993311,74.5819397993311,75.58528428093646,57.70066889632107,57.859531772575245,126,PENDING,"{""GBP"": 920511.0}","Priority rank 82: 50 confirmed events across 4 transaction type(s) and 1 merchant country/countries. Strongest signals: excess fraud versus transaction mix (75.6/100), repeatability (74.6/100), conservative fraud-rate conviction (74.6/100). Amount severity is capped at 10% of the score."
83,30c68b44-6e61-4496-ab2f-a65bb2802bb5,70.46948160535116,53,53,100.0,93.24156955469233,2.2184657344834045,30.79951562251006,4,"ATM, BANK_TRANSFER, CARD_PAYMENT, TOPUP",1,GBR,1,76.75585284280938,76.75585284280938,72.90969899665552,57.70066889632107,50.16722408026756,150,PASSED,"{""GBP"": 1053696.0}","Priority rank 83: 53 confirmed events across 4 transaction type(s) and 1 merchant country/countries. Strongest signals: repeatability (76.8/100), conservative fraud-rate conviction (76.8/100), excess fraud versus transaction mix (72.9/100). Amount severity is capped at 10% of the score."
84,88f6ebb7-bae4-4747-9bb3-19ae8669013f,70.38586956521739,45,45,100.0,92.13457380593593,1.755100143840487,28.797313835651842,4,"ATM, BANK_TRANSFER, CARD_PAYMENT, TOPUP",1,GBR,1,71.73913043478261,71.73913043478261,69.23076923076923,57.70066889632107,84.2809364548495,48,PASSED,"{""GBP"": 3535077.0}","Priority rank 84: 45 confirmed events across 4 transaction type(s) and 1 merchant country/countries. Strongest signals: currency/type-normalised amount severity (84.3/100), repeatability (71.7/100), conservative fraud-rate conviction (71.7/100). Amount severity is capped at 10% of the score."
85,4154f555-c6d8-493a-b1bf-1f22b2317fe1,70.02801003344482,41,41,100.0,91.43295511310926,0.8392348244253132,34.70352671478494,4,"BANK_TRANSFER, CARD_PAYMENT, P2P, TOPUP",3,"GBR, IRL, MYS",1,69.06354515050167,69.06354515050167,76.92307692307693,73.15217391304348,56.85618729096989,130,PASSED,"{""GBP"": 858238.0}","Priority rank 85: 41 confirmed events across 4 transaction type(s) and 3 merchant country/countries. Strongest signals: excess fraud versus transaction mix (76.9/100), attack breadth (73.2/100), repeatability (69.1/100). Amount severity is capped at 10% of the score."
86,7a11ba48-28c7-46c3-bb39-7d1a2410abd8,69.50961538461539,47,47,100.0,92.44398288016113,1.2091911679642733,35.02539121472558,4,"ATM, CARD_PAYMENT, P2P, TOPUP",3,"GBR, IRL, MDA",1,72.74247491638796,72.74247491638796,78.26086956521739,73.15217391304348,28.762541806020064,214,PASSED,"{""GBP"": 135267.0}","Priority rank 86: 47 confirmed events across 4 transaction type(s) and 3 merchant country/countries. Strongest signals: excess fraud versus transaction mix (78.3/100), attack breadth (73.2/100), repeatability (72.7/100). Amount severity is capped at 10% of the score."
87,187699b8-aa4d-48d4-bd8b-9e450943c589,69.02048494983278,37,37,100.0,90.59390425448562,1.3244624326871892,26.412107926810254,5,"ATM, BANK_TRANSFER, CARD_PAYMENT, P2P, TOPUP",3,"GBR, IRL, NLD",1,65.21739130434783,65.21739130434783,64.21404682274247,84.7742474916388,75.91973244147158,73,PASSED,"{""GBP"": 1811784.0}","Priority rank 87: 37 confirmed events across 5 transaction type(s) and 3 merchant country/countries. Strongest signals: attack breadth (84.8/100), currency/type-normalised amount severity (75.9/100), repeatability (65.2/100). Amount severity is capped at 10% of the score."
88,e0cc7c7a-e323-450a-a609-8d38a0071387,68.70526755852842,43,43,100.0,91.79874299767728,1.8154094560973053,27.065798938900613,4,"ATM, BANK_TRANSFER, CARD_PAYMENT, TOPUP",1,GBR,1,70.5685618729097,70.5685618729097,65.88628762541806,57.70066889632107,80.60200668896321,59,PASSED,"{""GBP"": 2549852.0}","Priority rank 88: 43 confirmed events across 4 transaction type(s) and 1 merchant country/countries. Strongest signals: currency/type-normalised amount severity (80.6/100), repeatability (70.6/100), conservative fraud-rate conviction (70.6/100). Amount severity is capped at 10% of the score."
89,a8a371e9-6c44-457e-9d49-979fd1b39b77,68.3373745819398,43,43,100.0,91.79874299767728,1.7706304427339337,27.361094489422673,4,"ATM, BANK_TRANSFER, CARD_PAYMENT, TOPUP",1,GBR,1,70.5685618729097,70.5685618729097,66.88963210702342,57.70066889632107,74.91638795986621,76,PASSED,"{""GBP"": 2942144.0}","Priority rank 89: 43 confirmed events across 4 transaction type(s) and 1 merchant country/countries. Strongest signals: currency/type-normalised amount severity (74.9/100), repeatability (70.6/100), conservative fraud-rate conviction (70.6/100). Amount severity is capped at 10% of the score."
90,0782ced4-7bb6-4420-aff2-ed08290ee47c,68.17851170568562,45,45,100.0,92.13457380593593,2.0746180065801063,26.75209312000076,4,"ATM, BANK_TRANSFER, CARD_PAYMENT, TOPUP",1,GBR,1,71.73913043478261,71.73913043478261,65.21739130434783,57.70066889632107,70.23411371237458,90,PASSED,"{""GBP"": 1512775.0}","Priority rank 90: 45 confirmed events across 4 transaction type(s) and 1 merchant country/countries. Strongest signals: repeatability (71.7/100), conservative fraud-rate conviction (71.7/100), currency/type-normalised amount severity (70.2/100). Amount severity is capped at 10% of the score."
91,1632f5e0-e2da-4668-b487-5cc897b963d3,68.05309364548495,41,41,100.0,91.43295511310926,1.449546723084441,28.325960238423573,3,"ATM, CARD_PAYMENT, TOPUP",1,GBR,1,69.06354515050167,69.06354515050167,68.89632107023411,42.14882943143812,99.66555183946488,2,PASSED,"{""GBP"": 4565411.0}","Priority rank 91: 41 confirmed events across 3 transaction type(s) and 1 merchant country/countries. Strongest signals: currency/type-normalised amount severity (99.7/100), repeatability (69.1/100), conservative fraud-rate conviction (69.1/100). Amount severity is capped at 10% of the score."
92,f2b4b587-e493-4932-b2e9-cb3b31095bab,67.85451505016722,46,46,100.0,92.29238226702192,0.9127075625492961,37.93394594473327,3,"BANK_TRANSFER, CARD_PAYMENT, TOPUP",3,"CHE, GBR, USA",2,72.24080267558529,72.24080267558529,79.93311036789298,64.84949832775919,24.08026755852843,228,PASSED,"{""EUR"": 13100.0, ""GBP"": 61190.0}","Priority rank 92: 46 confirmed events across 3 transaction type(s) and 3 merchant country/countries. Strongest signals: excess fraud versus transaction mix (79.9/100), repeatability (72.2/100), conservative fraud-rate conviction (72.2/100). Amount severity is capped at 10% of the score."
93,948956df-2a9a-4a44-9052-8914281d4b6d,67.4678093645485,43,43,100.0,91.79874299767728,1.7508046435255227,27.494547719375817,4,"ATM, BANK_TRANSFER, CARD_PAYMENT, TOPUP",1,GBR,1,70.5685618729097,70.5685618729097,67.22408026755853,57.70066889632107,65.55183946488295,104,PASSED,"{""GBP"": 1937116.0}","Priority rank 93: 43 confirmed events across 4 transaction type(s) and 1 merchant country/countries. Strongest signals: repeatability (70.6/100), conservative fraud-rate conviction (70.6/100), excess fraud versus transaction mix (67.2/100). Amount severity is capped at 10% of the score."
94,c6afd222-e09e-452d-aacc-81e61664f76e,67.19188963210703,38,38,100.0,90.818706741616,1.5494029039874342,25.461909679513756,4,"ATM, CARD_PAYMENT, P2P, TOPUP",1,GBR,1,66.05351170568562,66.05351170568562,62.87625418060201,57.70066889632107,96.32107023411372,12,PASSED,"{""GBP"": 2505600.0}","Priority rank 94: 38 confirmed events across 4 transaction type(s) and 1 merchant country/countries. Strongest signals: currency/type-normalised amount severity (96.3/100), repeatability (66.1/100), conservative fraud-rate conviction (66.1/100). Amount severity is capped at 10% of the score."
95,8b10f8f2-2fab-410c-90a9-55a3fd132e23,66.25752508361204,37,37,100.0,90.59390425448562,0.8149982192722837,31.554842438769175,5,"ATM, BANK_TRANSFER, CARD_PAYMENT, P2P, TOPUP",5,"GBR, GIB, HUN, NLD, USA",1,65.21739130434783,65.21739130434783,74.24749163879598,87.75919732441473,23.745819397993312,229,PASSED,"{""GBP"": 70711.0}","Priority rank 95: 37 confirmed events across 5 transaction type(s) and 5 merchant country/countries. Strongest signals: attack breadth (87.8/100), excess fraud versus transaction mix (74.2/100), repeatability (65.2/100). Amount severity is capped at 10% of the score."
96,88c417b7-c081-4b37-a88a-c5b368ba0a08,66.02968227424749,37,37,100.0,90.59390425448562,1.7750011582502323,23.353940879140193,4,"ATM, BANK_TRANSFER, CARD_PAYMENT, TOPUP",1,GBR,1,65.21739130434783,65.21739130434783,59.53177257525084,57.70066889632107,95.9866220735786,13,PASSED,"{""GBP"": 4627781.0}","Priority rank 96: 37 confirmed events across 4 transaction type(s) and 1 merchant country/countries. Strongest signals: currency/type-normalised amount severity (96.0/100), repeatability (65.2/100), conservative fraud-rate conviction (65.2/100). Amount severity is capped at 10% of the score."
97,425e9e10-713d-4f2a-be3e-16b30c8f63e9,66.00041806020066,36,36,100.0,90.35781695514235,1.0692073397095325,27.884847614253783,5,"ATM, BANK_TRANSFER, CARD_PAYMENT, P2P, TOPUP",1,GBR,1,63.87959866220736,63.87959866220736,67.55852842809364,69.3227424749164,69.56521739130434,92,PASSED,"{""GBP"": 994207.0}","Priority rank 97: 36 confirmed events across 5 transaction type(s) and 1 merchant country/countries. Strongest signals: currency/type-normalised amount severity (69.6/100), attack breadth (69.3/100), excess fraud versus transaction mix (67.6/100). Amount severity is capped at 10% of the score."
98,eb161482-5c4a-45b0-b3c4-123a524ee608,65.83319397993311,36,36,100.0,90.35781695514235,1.4059323085513642,25.05808596658473,5,"ATM, BANK_TRANSFER, CARD_PAYMENT, P2P, TOPUP",1,GBR,1,63.87959866220736,63.87959866220736,61.87290969899666,69.3227424749164,79.26421404682274,63,PASSED,"{""GBP"": 1834448.0}","Priority rank 98: 36 confirmed events across 5 transaction type(s) and 1 merchant country/countries. Strongest signals: currency/type-normalised amount severity (79.3/100), attack breadth (69.3/100), repeatability (63.9/100). Amount severity is capped at 10% of the score."
99,3c5cab75-a8c1-4a27-8ab4-b74a9e92535c,65.74749163879598,48,48,100.0,92.58973488472576,1.0936692978999014,37.15629122204557,3,"BANK_TRANSFER, CARD_PAYMENT, TOPUP",2,"FRA, GBR",1,73.41137123745818,73.41137123745818,79.26421404682274,52.97658862876254,15.719063545150503,253,PASSED,"{""GBP"": 43421.0}","Priority rank 99: 48 confirmed events across 3 transaction type(s) and 2 merchant country/countries. Strongest signals: excess fraud versus transaction mix (79.3/100), repeatability (73.4/100), conservative fraud-rate conviction (73.4/100). Amount severity is capped at 10% of the score."
100,ddcbe9e0-4a91-43cf-bd5b-f473828ffe50,65.3440635451505,40,40,100.0,91.23754607496078,1.8163402135641884,25.08859716835027,4,"ATM, BANK_TRANSFER, CARD_PAYMENT, TOPUP",1,GBR,1,68.22742474916387,68.22742474916387,62.207357859531776,57.70066889632107,67.22408026755853,99,PASSED,"{""GBP"": 1998128.0}","Priority rank 100: 40 confirmed events across 4 transaction type(s) and 1 merchant country/countries. Strongest signals: repeatability (68.2/100), conservative fraud-rate conviction (68.2/100), currency/type-normalised amount severity (67.2/100). Amount severity is capped at 10% of the score."
101,c6d40f9a-c37c-4923-8b62-43945e321b1d,64.75877926421406,39,39,100.0,91.0330146399761,1.4233605767456448,27.094901865950277,4,"BANK_TRANSFER, CARD_PAYMENT, P2P, TOPUP",1,GBR,1,67.22408026755853,67.22408026755853,66.22073578595318,57.70066889632107,58.862876254180605,124,PASSED,"{""GBP"": 2098241.0}","Priority rank 101: 39 confirmed events across 4 transaction type(s) and 1 merchant country/countries. Strongest signals: repeatability (67.2/100), conservative fraud-rate conviction (67.2/100), excess fraud versus transaction mix (66.2/100). Amount severity is capped at 10% of the score."
102,018f9e74-458b-4782-8a92-5f95734ddcd7,64.46195652173913,41,41,100.0,91.43295511310926,1.8066975009202646,25.80575304789264,2,"ATM, TOPUP",1,GBR,1,69.06354515050167,69.06354515050167,63.21070234113713,29.3561872909699,94.31438127090301,18,FAILED,"{""GBP"": 4720702.0}","Priority rank 102: 41 confirmed events across 2 transaction type(s) and 1 merchant country/countries. Strongest signals: currency/type-normalised amount severity (94.3/100), repeatability (69.1/100), conservative fraud-rate conviction (69.1/100). Amount severity is capped at 10% of the score."
103,bfa64d86-eb16-4ecd-a73c-4b6cc2fbb847,64.42433110367892,36,36,100.0,90.35781695514235,1.1280214723496829,27.330433752396907,4,"ATM, BANK_TRANSFER, CARD_PAYMENT, TOPUP",1,GBR,1,63.87959866220736,63.87959866220736,66.5551839464883,57.70066889632107,73.24414715719062,81,PASSED,"{""GBP"": 456588.0}","Priority rank 103: 36 confirmed events across 4 transaction type(s) and 1 merchant country/countries. Strongest signals: currency/type-normalised amount severity (73.2/100), excess fraud versus transaction mix (66.6/100), repeatability (63.9/100). Amount severity is capped at 10% of the score."
104,b16e9d41-3795-4d73-a666-be70001a7a03,64.248745819398,38,38,100.0,90.818706741616,1.6820647458564988,24.58596922575714,4,"ATM, BANK_TRANSFER, CARD_PAYMENT, TOPUP",1,GBR,1,66.05351170568562,66.05351170568562,60.86956521739131,57.70066889632107,70.90301003344482,88,PASSED,"{""GBP"": 1684614.0}","Priority rank 104: 38 confirmed events across 4 transaction type(s) and 1 merchant country/countries. Strongest signals: currency/type-normalised amount severity (70.9/100), repeatability (66.1/100), conservative fraud-rate conviction (66.1/100). Amount severity is capped at 10% of the score."
105,c3202601-1020-442b-b082-277bb7a45357,63.492056856187304,30,30,100.0,88.6482908609522,1.4014856006142598,20.739436537982137,5,"ATM, BANK_TRANSFER, CARD_PAYMENT, P2P, TOPUP",1,GBR,1,59.19732441471572,59.19732441471572,54.18060200668896,69.3227424749164,96.98996655518395,10,FAILED,"{""GBP"": 4978841.0}","Priority rank 105: 30 confirmed events across 5 transaction type(s) and 1 merchant country/countries. Strongest signals: currency/type-normalised amount severity (97.0/100), attack breadth (69.3/100), repeatability (59.2/100). Amount severity is capped at 10% of the score."
106,36c414e8-da9c-4c38-9a01-e0932263a300,63.34782608695653,39,39,100.0,91.0330146399761,0.7653835696912763,33.9895677911807,3,"ATM, CARD_PAYMENT, TOPUP",2,"GBR, NLD",1,67.22408026755853,67.22408026755853,75.91973244147158,52.97658862876254,32.441471571906355,203,PENDING,"{""GBP"": 318268.0}","Priority rank 106: 39 confirmed events across 3 transaction type(s) and 2 merchant country/countries. Strongest signals: excess fraud versus transaction mix (75.9/100), repeatability (67.2/100), conservative fraud-rate conviction (67.2/100). Amount severity is capped at 10% of the score."
107,2cd48e91-65f6-4fb9-b276-ad1676366a88,63.13377926421404,41,41,100.0,91.43295511310926,1.4665796975176213,28.19087877574519,2,"BANK_TRANSFER, TOPUP",0,,1,69.06354515050167,69.06354515050167,68.56187290969899,17.82608695652174,87.62541806020067,38,FAILED,"{""GBP"": 3950792.0}","Priority rank 107: 41 confirmed events across 2 transaction type(s) and 0 merchant country/countries. Strongest signals: currency/type-normalised amount severity (87.6/100), repeatability (69.1/100), conservative fraud-rate conviction (69.1/100). Amount severity is capped at 10% of the score."
108,146dca23-5b81-449f-98b7-4809f52c3959,63.11371237458194,36,36,100.0,90.35781695514235,0.8703961277355502,30.00890794156176,3,"ATM, CARD_PAYMENT, TOPUP",7,"DEU, GBR, IRL, LTU, LUX, LVA, USA",2,63.87959866220736,63.87959866220736,71.57190635451505,68.36120401337793,34.11371237458194,198,PASSED,"{""EUR"": 22678.0, ""GBP"": 104619.0}","Priority rank 108: 36 confirmed events across 3 transaction type(s) and 7 merchant country/countries. Strongest signals: excess fraud versus transaction mix (71.6/100), attack breadth (68.4/100), repeatability (63.9/100). Amount severity is capped at 10% of the score."
109,781cfb45-7de4-4452-adb4-558a7ac30af8,62.85660535117058,51,51,100.0,92.99509861127318,0.8905209441448807,42.49434313904314,2,"CARD_PAYMENT, TOPUP",1,GBR,1,75.08361204013379,75.08361204013379,83.27759197324414,29.3561872909699,5.016722408026756,285,PASSED,"{""GBP"": 32076.0}","Priority rank 109: 51 confirmed events across 2 transaction type(s) and 1 merchant country/countries. Strongest signals: excess fraud versus transaction mix (83.3/100), repeatability (75.1/100), conservative fraud-rate conviction (75.1/100). Amount severity is capped at 10% of the score."
110,25b6f79d-6f91-4de3-9814-8d6ff7282348,62.535117056856194,30,30,100.0,88.6482908609522,1.1338750956335637,22.58286612417716,4,"ATM, BANK_TRANSFER, P2P, TOPUP",1,ESP,2,59.19732441471572,59.19732441471572,58.52842809364549,64.94983277591973,85.28428093645485,45,PASSED,"{""EUR"": 2131500.0, ""GBP"": 234800.0}","Priority rank 110: 30 confirmed events across 4 transaction type(s) and 1 merchant country/countries. Strongest signals: currency/type-normalised amount severity (85.3/100), attack breadth (64.9/100), repeatability (59.2/100). Amount severity is capped at 10% of the score."
111,f9ce67f0-636a-497d-8be2-25962eff2791,62.419732441471574,34,34,100.0,89.84820937803899,0.7758986211849627,29.413395271333943,3,"ATM, CARD_PAYMENT, TOPUP",2,"AUT, GBR",1,62.374581939799334,62.374581939799334,70.90301003344482,52.97658862876254,59.86622073578596,121,PASSED,"{""GBP"": 368168.0}","Priority rank 111: 34 confirmed events across 3 transaction type(s) and 2 merchant country/countries. Strongest signals: excess fraud versus transaction mix (70.9/100), repeatability (62.4/100), conservative fraud-rate conviction (62.4/100). Amount severity is capped at 10% of the score."
112,69720eca-43f8-4838-815c-56110cd9fc2e,62.0430602006689,31,31,100.0,88.9740999265246,0.9057206816851215,25.382502072224106,4,"ATM, BANK_TRANSFER, CARD_PAYMENT, TOPUP",3,"CYP, GBR, IRL",1,60.200668896321076,60.200668896321076,62.54180602006689,73.15217391304348,54.515050167224075,137,PASSED,"{""GBP"": 180475.0}","Priority rank 112: 31 confirmed events across 4 transaction type(s) and 3 merchant country/countries. Strongest signals: attack breadth (73.2/100), excess fraud versus transaction mix (62.5/100), repeatability (60.2/100). Amount severity is capped at 10% of the score."
113,1c79de57-df26-407a-b7ab-160a774b8486,61.976588628762535,39,39,100.0,91.0330146399761,1.1728778622766858,29.246317114691305,3,"ATM, CARD_PAYMENT, TOPUP",2,"GBR, IRL",1,67.22408026755853,67.22408026755853,70.23411371237458,52.97658862876254,30.100334448160538,210,PASSED,"{""GBP"": 289888.0}","Priority rank 113: 39 confirmed events across 3 transaction type(s) and 2 merchant country/countries. Strongest signals: excess fraud versus transaction mix (70.2/100), repeatability (67.2/100), conservative fraud-rate conviction (67.2/100). Amount severity is capped at 10% of the score."
114,84a89217-7ddc-4f58-9446-d1dcd14151e5,61.549749163879596,28,28,100.0,87.93527963418923,0.724781058046331,24.64557839495745,3,"ATM, CARD_PAYMENT, TOPUP",3,"ESP, GBR, NLD",1,57.52508361204013,57.52508361204013,61.20401337792642,57.60033444816053,90.3010033444816,30,PASSED,"{""GBP"": 713161.0}","Priority rank 114: 28 confirmed events across 3 transaction type(s) and 3 merchant country/countries. Strongest signals: currency/type-normalised amount severity (90.3/100), excess fraud versus transaction mix (61.2/100), attack breadth (57.6/100). Amount severity is capped at 10% of the score."
115,9e24a959-8a6c-4798-98b9-732977e9f473,60.303929765886295,32,32,100.0,89.28172849426365,0.7360843531225546,28.120258959347783,4,"ATM, BANK_TRANSFER, CARD_PAYMENT, TOPUP",3,"GBR, GIB, NLD",1,60.86956521739131,60.86956521739131,68.22742474916387,73.15217391304348,22.073578595317723,234,PASSED,"{""GBP"": 130612.0}","Priority rank 115: 32 confirmed events across 4 transaction type(s) and 3 merchant country/countries. Strongest signals: attack breadth (73.2/100), excess fraud versus transaction mix (68.2/100), repeatability (60.9/100). Amount severity is capped at 10% of the score."
116,709f2d38-4651-4f1d-a4df-f28af586f4d8,59.9636287625418,28,28,100.0,87.93527963418923,1.0244403601773557,21.84817894636739,5,"ATM, BANK_TRANSFER, CARD_PAYMENT, P2P, TOPUP",1,GBR,1,57.52508361204013,57.52508361204013,56.52173913043478,69.3227424749164,66.22073578595318,102,PENDING,"{""GBP"": 1287230.0}","Priority rank 116: 28 confirmed events across 5 transaction type(s) and 1 merchant country/countries. Strongest signals: attack breadth (69.3/100), currency/type-normalised amount severity (66.2/100), repeatability (57.5/100). Amount severity is capped at 10% of the score."
117,5c68fd78-a3ca-4ebd-a86f-935add4126c9,59.719063545150505,26,26,100.0,87.12669561953783,1.0288359205755147,20.195673888330646,4,"ATM, BANK_TRANSFER, CARD_PAYMENT, TOPUP",2,"AUT, GBR",1,54.682274247491634,54.682274247491634,52.508361204013376,68.52842809364549,88.62876254180601,35,PASSED,"{""GBP"": 2258260.0}","Priority rank 117: 26 confirmed events across 4 transaction type(s) and 2 merchant country/countries. Strongest signals: currency/type-normalised amount severity (88.6/100), attack breadth (68.5/100), repeatability (54.7/100). Amount severity is capped at 10% of the score."
118,97d10faa-8184-439e-81d8-bec5ab1c2837,59.38461538461539,32,32,100.0,89.28172849426365,0.868492990768877,26.612082171792924,3,"BANK_TRANSFER, CARD_PAYMENT, TOPUP",2,"GBR, IRL",1,60.86956521739131,60.86956521739131,64.54849498327759,52.97658862876254,50.50167224080268,149,FAILED,"{""GBP"": 144601.0}","Priority rank 118: 32 confirmed events across 3 transaction type(s) and 2 merchant country/countries. Strongest signals: excess fraud versus transaction mix (64.5/100), repeatability (60.9/100), conservative fraud-rate conviction (60.9/100). Amount severity is capped at 10% of the score."
119,ca1b0bda-44a3-4491-9e3d-22443a82777c,58.855769230769226,28,28,100.0,87.93527963418923,1.2821616475618123,20.01371777696311,4,"ATM, BANK_TRANSFER, CARD_PAYMENT, TOPUP",1,GBR,1,57.52508361204013,57.52508361204013,51.50501672240802,57.70066889632107,82.6086956521739,53,PASSED,"{""GBP"": 1739443.0}","Priority rank 119: 28 confirmed events across 4 transaction type(s) and 1 merchant country/countries. Strongest signals: currency/type-normalised amount severity (82.6/100), attack breadth (57.7/100), repeatability (57.5/100). Amount severity is capped at 10% of the score."
120,5ca7a4b3-92cf-4a04-855a-acea4bc00253,58.70526755852843,30,30,100.0,88.6482908609522,1.0369055052313902,23.36261101414513,4,"ATM, BANK_TRANSFER, CARD_PAYMENT, TOPUP",1,GBR,1,59.19732441471572,59.19732441471572,59.86622073578596,57.70066889632107,55.18394648829431,135,PASSED,"{""GBP"": 689021.0}","Priority rank 120: 30 confirmed events across 4 transaction type(s) and 1 merchant country/countries. Strongest signals: excess fraud versus transaction mix (59.9/100), repeatability (59.2/100), conservative fraud-rate conviction (59.2/100). Amount severity is capped at 10% of the score."
121,a5f52e46-5c24-4582-827a-e989c50918df,58.657190635451514,27,27,100.0,87.54409628553643,0.7485871892247207,23.493257784808243,3,"BANK_TRANSFER, CARD_PAYMENT, TOPUP",2,"GBR, LUX",1,56.020066889632105,56.020066889632105,60.535117056856194,52.97658862876254,77.92642140468227,67,PASSED,"{""GBP"": 575087.0}","Priority rank 121: 27 confirmed events across 3 transaction type(s) and 2 merchant country/countries. Strongest signals: currency/type-normalised amount severity (77.9/100), excess fraud versus transaction mix (60.5/100), repeatability (56.0/100). Amount severity is capped at 10% of the score."
122,a523b9ea-42a3-433d-a5e4-d7295526940d,58.145066889632105,34,34,100.0,89.84820937803899,1.0931909075347488,26.070650169847625,4,"ATM, BANK_TRANSFER, CARD_PAYMENT, TOPUP",1,GBR,1,62.374581939799334,62.374581939799334,63.54515050167224,57.70066889632107,24.74916387959866,226,PASSED,"{""GBP"": 179100.0}","Priority rank 122: 34 confirmed events across 4 transaction type(s) and 1 merchant country/countries. Strongest signals: excess fraud versus transaction mix (63.5/100), repeatability (62.4/100), conservative fraud-rate conviction (62.4/100). Amount severity is capped at 10% of the score."
123,3f3b0426-f4ad-4cb1-9ec3-4ad84dd2b461,57.93561872909699,24,24,100.0,86.20194241710247,0.5797596132289561,22.538645288944323,4,"BANK_TRANSFER, CARD_PAYMENT, P2P, TOPUP",4,"FRA, GBR, IRL, POL",1,52.84280936454849,52.84280936454849,58.19397993311036,75.20066889632108,59.53177257525084,122,PASSED,"{""GBP"": 299137.0}","Priority rank 123: 24 confirmed events across 4 transaction type(s) and 4 merchant country/countries. Strongest signals: attack breadth (75.2/100), currency/type-normalised amount severity (59.5/100), excess fraud versus transaction mix (58.2/100). Amount severity is capped at 10% of the score."
124,3af26047-041d-4070-b820-77c2b275e2ac,57.58486622073578,33,33,100.0,89.57265699643881,0.9229336747226831,26.89071274361405,3,"BANK_TRANSFER, CARD_PAYMENT, TOPUP",1,GBR,1,61.7056856187291,61.7056856187291,65.55183946488295,42.14882943143812,42.14046822742475,174,PASSED,"{""GBP"": 388830.0}","Priority rank 124: 33 confirmed events across 3 transaction type(s) and 1 merchant country/countries. Strongest signals: excess fraud versus transaction mix (65.6/100), repeatability (61.7/100), conservative fraud-rate conviction (61.7/100). Amount severity is capped at 10% of the score."
125,8b9f374f-d58f-424a-8ec8-df1017170af8,57.536789297658856,28,28,100.0,87.93527963418923,0.5565692186342254,26.698657602701328,4,"ATM, CARD_PAYMENT, P2P, TOPUP",2,"GBR, NLD",1,57.52508361204013,57.52508361204013,64.88294314381271,68.52842809364549,26.421404682274247,221,PASSED,"{""GBP"": 79469.0}","Priority rank 125: 28 confirmed events across 4 transaction type(s) and 2 merchant country/countries. Strongest signals: attack breadth (68.5/100), excess fraud versus transaction mix (64.9/100), repeatability (57.5/100). Amount severity is capped at 10% of the score."
126,d47afdfb-8673-4a0f-bbfc-53ecd9818f79,57.302257525083604,35,35,100.0,90.10957324106113,1.1630582847936843,26.23840119152721,3,"BANK_TRANSFER, CARD_PAYMENT, TOPUP",3,"GBR, NLD, USA",1,62.87625418060201,62.87625418060201,63.87959866220736,57.60033444816053,13.043478260869565,261,PASSED,"{""GBP"": 90800.0}","Priority rank 126: 35 confirmed events across 3 transaction type(s) and 3 merchant country/countries. Strongest signals: excess fraud versus transaction mix (63.9/100), repeatability (62.9/100), conservative fraud-rate conviction (62.9/100). Amount severity is capped at 10% of the score."
127,b9260b61-8c28-4dfa-8e53-b21276381343,56.957775919732434,27,27,100.0,87.54409628553643,0.7806841602166215,23.168629044566625,4,"ATM, CARD_PAYMENT, P2P, TOPUP",1,GBR,1,56.020066889632105,56.020066889632105,59.19732441471572,57.70066889632107,56.52173913043478,131,PASSED,"{""GBP"": 523935.0}","Priority rank 127: 27 confirmed events across 4 transaction type(s) and 1 merchant country/countries. Strongest signals: excess fraud versus transaction mix (59.2/100), attack breadth (57.7/100), currency/type-normalised amount severity (56.5/100). Amount severity is capped at 10% of the score."
128,b3edad19-85a0-4588-b953-2510ed9af582,56.770903010033436,42,42,100.0,91.6198387490838,2.0826775133553617,24.83855415078494,2,"BANK_TRANSFER, TOPUP",0,,1,69.89966555183946,69.89966555183946,61.53846153846154,17.82608695652174,33.44481605351171,200,PASSED,"{""GBP"": 1453822.0}","Priority rank 128: 42 confirmed events across 2 transaction type(s) and 0 merchant country/countries. Strongest signals: repeatability (69.9/100), conservative fraud-rate conviction (69.9/100), excess fraud versus transaction mix (61.5/100). Amount severity is capped at 10% of the score."
129,5e096304-e8f3-4d3d-a3ed-a8dcba7f03c2,56.14673913043478,23,23,100.0,85.68788745827372,0.7156275717840248,20.211574050392016,4,"ATM, BANK_TRANSFER, CARD_PAYMENT, TOPUP",1,GBR,1,51.50501672240802,51.50501672240802,52.84280936454849,57.70066889632107,85.95317725752508,43,PASSED,"{""GBP"": 1187137.0}","Priority rank 129: 23 confirmed events across 4 transaction type(s) and 1 merchant country/countries. Strongest signals: currency/type-normalised amount severity (86.0/100), attack breadth (57.7/100), excess fraud versus transaction mix (52.8/100). Amount severity is capped at 10% of the score."
130,d8b8ca3b-3665-4741-aff6-8457c30a4bb4,56.08821070234113,27,27,100.0,87.54409628553643,0.9175400776077973,21.906897464576385,4,"ATM, BANK_TRANSFER, CARD_PAYMENT, TOPUP",1,GBR,1,56.020066889632105,56.020066889632105,57.19063545150501,57.70066889632107,51.83946488294314,145,PASSED,"{""GBP"": 921370.0}","Priority rank 130: 27 confirmed events across 4 transaction type(s) and 1 merchant country/countries. Strongest signals: attack breadth (57.7/100), excess fraud versus transaction mix (57.2/100), repeatability (56.0/100). Amount severity is capped at 10% of the score."
131,9c1706d9-5efa-42b8-858c-4df2e96c2114,56.02299331103679,24,24,100.0,86.20194241710247,0.6935733699501677,21.332960624497463,4,"BANK_TRANSFER, CARD_PAYMENT, P2P, TOPUP",3,"DEU, GBR, NLD",1,52.84280936454849,52.84280936454849,55.51839464882943,73.15217391304348,48.82943143812709,154,PASSED,"{""GBP"": 292335.0}","Priority rank 131: 24 confirmed events across 4 transaction type(s) and 3 merchant country/countries. Strongest signals: attack breadth (73.2/100), excess fraud versus transaction mix (55.5/100), repeatability (52.8/100). Amount severity is capped at 10% of the score."
132,d33617cd-e6c8-48ff-bbda-ae0673d8da28,55.92307692307693,30,30,100.0,88.6482908609522,1.1954501014744014,22.12170451144518,3,"BANK_TRANSFER, CARD_PAYMENT, TOPUP",2,"GBR, IRL",1,59.19732441471572,59.19732441471572,57.52508361204013,52.97658862876254,39.130434782608695,183,PASSED,"{""GBP"": 88499.0}","Priority rank 132: 30 confirmed events across 3 transaction type(s) and 2 merchant country/countries. Strongest signals: repeatability (59.2/100), conservative fraud-rate conviction (59.2/100), excess fraud versus transaction mix (57.5/100). Amount severity is capped at 10% of the score."
133,768769a3-88eb-4fcc-8cc0-2cd302cb1ddb,55.76421404682274,28,28,100.0,87.93527963418923,1.0440611290045967,21.69312995048695,4,"ATM, BANK_TRANSFER, CARD_PAYMENT, TOPUP",2,"GBR, GIB",1,57.52508361204013,57.52508361204013,56.187290969899664,68.52842809364549,26.08695652173913,222,PASSED,"{""GBP"": 253000.0}","Priority rank 133: 28 confirmed events across 4 transaction type(s) and 2 merchant country/countries. Strongest signals: attack breadth (68.5/100), repeatability (57.5/100), conservative fraud-rate conviction (57.5/100). Amount severity is capped at 10% of the score."
134,1deaa3fa-da65-4979-b3c2-5ef5aa91a541,55.08695652173913,25,25,100.0,86.68035060468212,0.590226728898962,23.37789118565965,3,"ATM, CARD_PAYMENT, TOPUP",2,"GBR, GIB",1,53.84615384615385,53.84615384615385,60.200668896321076,52.97658862876254,54.84949832775919,136,PASSED,"{""GBP"": 1027683.0}","Priority rank 134: 25 confirmed events across 3 transaction type(s) and 2 merchant country/countries. Strongest signals: excess fraud versus transaction mix (60.2/100), currency/type-normalised amount severity (54.8/100), repeatability (53.8/100). Amount severity is capped at 10% of the score."
135,981a1117-3903-43e2-993a-8d0a67cb4ade,54.92642140468227,24,24,100.0,86.20194241710247,0.9075411269605628,19.46433775784079,4,"ATM, BANK_TRANSFER, CARD_PAYMENT, TOPUP",1,GBR,2,52.84280936454849,52.84280936454849,50.50167224080268,64.94983277591973,60.200668896321076,120,PASSED,"{""GBP"": 587082.0, ""USD"": 154048.0}","Priority rank 135: 24 confirmed events across 4 transaction type(s) and 1 merchant country/countries. Strongest signals: attack breadth (64.9/100), currency/type-normalised amount severity (60.2/100), repeatability (52.8/100). Amount severity is capped at 10% of the score."
136,cc7516ed-6734-4978-a306-b8ab50cc60eb,54.72784280936454,26,26,100.0,87.12669561953783,0.6963373837431577,23.13431002623167,3,"ATM, CARD_PAYMENT, TOPUP",2,"GBR, USA",2,54.682274247491634,54.682274247491634,58.862876254180605,60.225752508361204,38.46153846153847,185,PASSED,"{""BTC"": 20152.0, ""GBP"": 276650.0}","Priority rank 136: 26 confirmed events across 3 transaction type(s) and 2 merchant country/countries. Strongest signals: attack breadth (60.2/100), excess fraud versus transaction mix (58.9/100), repeatability (54.7/100). Amount severity is capped at 10% of the score."
137,1e2914f9-3094-413f-8325-7b994cefe277,54.51672240802676,30,30,100.0,88.6482908609522,1.3192004398077848,21.26429449043321,3,"BANK_TRANSFER, CARD_PAYMENT, TOPUP",1,GBR,2,59.19732441471572,59.19732441471572,54.84949832775919,49.397993311036785,35.785953177257525,193,PASSED,"{""GBP"": 341800.0, ""USD"": 23300.0}","Priority rank 137: 30 confirmed events across 3 transaction type(s) and 1 merchant country/countries. Strongest signals: repeatability (59.2/100), conservative fraud-rate conviction (59.2/100), excess fraud versus transaction mix (54.8/100). Amount severity is capped at 10% of the score."
138,0dcc7887-c1ee-4344-94e1-a67ae5d2d11f,53.88921404682274,26,26,100.0,87.12669561953783,1.0405706688563838,20.109155802567923,3,"ATM, CARD_PAYMENT, TOPUP",1,GBR,1,54.682274247491634,54.682274247491634,51.83946488294314,42.14882943143812,71.23745819397993,87,PASSED,"{""GBP"": 1784100.0}","Priority rank 138: 26 confirmed events across 3 transaction type(s) and 1 merchant country/countries. Strongest signals: currency/type-normalised amount severity (71.2/100), repeatability (54.7/100), conservative fraud-rate conviction (54.7/100). Amount severity is capped at 10% of the score."
139,d908b768-ad41-4e3a-890f-40545f393bc7,53.81396321070233,24,24,100.0,86.20194241710247,0.6405923553603625,21.872407944343763,3,"ATM, CARD_PAYMENT, TOPUP",1,GBR,1,52.84280936454849,52.84280936454849,56.85618729096989,42.14882943143812,70.5685618729097,89,PASSED,"{""GBP"": 1103142.0}","Priority rank 139: 24 confirmed events across 3 transaction type(s) and 1 merchant country/countries. Strongest signals: currency/type-normalised amount severity (70.6/100), excess fraud versus transaction mix (56.9/100), repeatability (52.8/100). Amount severity is capped at 10% of the score."
140,cefe31f9-2a99-40c6-af11-397564a8d1fe,53.03637123745819,21,21,100.0,84.5356176735798,0.7600693050905963,18.03066750618184,4,"ATM, BANK_TRANSFER, CARD_PAYMENT, TOPUP",1,GBR,1,48.16053511705686,48.16053511705686,47.491638795986624,57.70066889632107,83.94648829431438,49,PASSED,"{""GBP"": 1947568.0}","Priority rank 140: 21 confirmed events across 4 transaction type(s) and 1 merchant country/countries. Strongest signals: currency/type-normalised amount severity (83.9/100), attack breadth (57.7/100), repeatability (48.2/100). Amount severity is capped at 10% of the score."
141,02c91a02-8a73-4fc2-aa15-368e60ac2122,52.99163879598662,36,36,100.0,90.35781695514235,1.8620856458596007,22.212076690234632,2,"BANK_TRANSFER, TOPUP",0,,1,63.87959866220736,63.87959866220736,57.859531772575245,17.82608695652174,36.12040133779264,192,PASSED,"{""GBP"": 1432100.0}","Priority rank 141: 36 confirmed events across 2 transaction type(s) and 0 merchant country/countries. Strongest signals: repeatability (63.9/100), conservative fraud-rate conviction (63.9/100), excess fraud versus transaction mix (57.9/100). Amount severity is capped at 10% of the score."
142,11f8f705-c675-4b59-b06a-e0256c3a6be6,52.553511705685615,24,24,100.0,86.20194241710247,0.9624448082713005,19.050073083861907,4,"ATM, BANK_TRANSFER, CARD_PAYMENT, TOPUP",2,"GBR, NLD",1,52.84280936454849,52.84280936454849,48.82943143812709,68.52842809364549,34.448160535117054,197,PASSED,"{""GBP"": 290862.0}","Priority rank 142: 24 confirmed events across 4 transaction type(s) and 2 merchant country/countries. Strongest signals: attack breadth (68.5/100), repeatability (52.8/100), conservative fraud-rate conviction (52.8/100). Amount severity is capped at 10% of the score."
143,86438ab9-fccf-49aa-990f-c2936990ce3c,52.325668896321076,22,22,100.0,85.13404742740389,0.623680335474295,20.165618415463985,4,"ATM, BANK_TRANSFER, CARD_PAYMENT, TOPUP",1,GBR,1,50.33444816053512,50.33444816053512,52.17391304347826,57.70066889632107,55.51839464882943,134,PASSED,"{""GBP"": 384653.0}","Priority rank 143: 22 confirmed events across 4 transaction type(s) and 1 merchant country/countries. Strongest signals: attack breadth (57.7/100), currency/type-normalised amount severity (55.5/100), excess fraud versus transaction mix (52.2/100). Amount severity is capped at 10% of the score."
144,a6a86830-8d26-4903-9259-ab5033fe3368,51.472826086956516,32,32,100.0,89.28172849426365,1.6368300062143706,20.771225674524803,3,"BANK_TRANSFER, CARD_PAYMENT, TOPUP",1,NLD,1,60.86956521739131,60.86956521739131,54.515050167224075,42.14882943143812,7.6923076923076925,277,PASSED,"{""GBP"": 151174.0}","Priority rank 144: 32 confirmed events across 3 transaction type(s) and 1 merchant country/countries. Strongest signals: repeatability (60.9/100), conservative fraud-rate conviction (60.9/100), excess fraud versus transaction mix (54.5/100). Amount severity is capped at 10% of the score."
145,9019d2e7-ac18-4c78-944b-ba3f75878979,51.23035117056856,21,21,100.0,84.5356176735798,0.5995542731979007,19.45500384774822,4,"ATM, BANK_TRANSFER, CARD_PAYMENT, TOPUP",1,GBR,1,48.16053511705686,48.16053511705686,50.0,57.70066889632107,60.86956521739131,118,PASSED,"{""GBP"": 658900.0}","Priority rank 145: 21 confirmed events across 4 transaction type(s) and 1 merchant country/countries. Strongest signals: currency/type-normalised amount severity (60.9/100), attack breadth (57.7/100), excess fraud versus transaction mix (50.0/100). Amount severity is capped at 10% of the score."
146,93dd18e3-c631-4d29-bd41-bf67525bc037,51.04347826086956,26,26,100.0,87.12669561953783,1.2822826021089249,18.514844917693534,2,"BANK_TRANSFER, TOPUP",0,,1,54.682274247491634,54.682274247491634,48.16053511705686,17.82608695652174,86.62207357859532,41,PASSED,"{""GBP"": 3882170.0}","Priority rank 146: 26 confirmed events across 2 transaction type(s) and 0 merchant country/countries. Strongest signals: currency/type-normalised amount severity (86.6/100), repeatability (54.7/100), conservative fraud-rate conviction (54.7/100). Amount severity is capped at 10% of the score."
147,f7b79f3f-05fe-4167-9465-db2d66459943,51.00627090301004,21,21,100.0,84.5356176735798,0.7130994132549819,18.419061784191552,4,"ATM, BANK_TRANSFER, CARD_PAYMENT, TOPUP",3,"GBR, IRL, USA",1,48.16053511705686,48.16053511705686,47.82608695652174,73.15217391304348,39.79933110367893,181,PENDING,"{""GBP"": 232408.0}","Priority rank 147: 21 confirmed events across 4 transaction type(s) and 3 merchant country/countries. Strongest signals: attack breadth (73.2/100), repeatability (48.2/100), conservative fraud-rate conviction (48.2/100). Amount severity is capped at 10% of the score."
148,b92e96a0-2450-4aa5-a2c5-6d6bff70e423,50.98160535117057,21,21,100.0,84.5356176735798,0.760289747913155,18.028894162044853,4,"ATM, BANK_TRANSFER, CARD_PAYMENT, TOPUP",2,"GBR, IRL",1,48.16053511705686,48.16053511705686,47.15719063545151,68.52842809364549,47.82608695652174,157,PASSED,"{""GBP"": 612778.0}","Priority rank 148: 21 confirmed events across 4 transaction type(s) and 2 merchant country/countries. Strongest signals: attack breadth (68.5/100), repeatability (48.2/100), conservative fraud-rate conviction (48.2/100). Amount severity is capped at 10% of the score."
149,c434c1f5-88a7-4063-9be5-093aee2064fa,50.725752508361204,33,33,100.0,89.57265699643881,1.629395521001485,21.497834692969597,2,"BANK_TRANSFER, TOPUP",0,,1,61.7056856187291,61.7056856187291,55.852842809364546,17.82608695652174,29.431438127090303,212,PASSED,"{""GBP"": 690600.0}","Priority rank 149: 33 confirmed events across 2 transaction type(s) and 0 merchant country/countries. Strongest signals: repeatability (61.7/100), conservative fraud-rate conviction (61.7/100), excess fraud versus transaction mix (55.9/100). Amount severity is capped at 10% of the score."
150,aa7b92ae-8ecd-408f-b3d6-b2f34df11552,50.438127090301,22,22,100.0,85.13404742740389,0.9949313504744444,17.179617115670858,4,"ATM, BANK_TRANSFER, CARD_PAYMENT, TOPUP",2,"GBR, NLD",1,50.33444816053512,50.33444816053512,46.48829431438127,68.52842809364549,31.77257525083612,205,PASSED,"{""GBP"": 188216.0}","Priority rank 150: 22 confirmed events across 4 transaction type(s) and 2 merchant country/countries. Strongest signals: attack breadth (68.5/100), repeatability (50.3/100), conservative fraud-rate conviction (50.3/100). Amount severity is capped at 10% of the score."
151,e8760036-7599-4636-a293-748f770a63cc,50.427675585284284,23,23,100.0,85.68788745827372,0.672648256693938,20.618322728713277,4,"BANK_TRANSFER, CARD_PAYMENT, P2P, TOPUP",1,GBR,1,51.50501672240802,51.50501672240802,53.84615384615385,57.70066889632107,26.755852842809364,220,PASSED,"{""GBP"": 157945.0}","Priority rank 151: 23 confirmed events across 4 transaction type(s) and 1 merchant country/countries. Strongest signals: attack breadth (57.7/100), excess fraud versus transaction mix (53.8/100), repeatability (51.5/100). Amount severity is capped at 10% of the score."
152,438a6173-1d07-4d64-8b5e-a6130d93062c,50.37123745819399,20,20,100.0,83.88698745050667,0.3495356827776402,21.31974491340456,3,"CARD_PAYMENT, P2P, TOPUP",3,"BRA, GBR, IRL",2,45.9866220735786,45.9866220735786,55.18394648829431,64.84949832775919,43.1438127090301,171,PASSED,"{""EUR"": 6825.0, ""GBP"": 91400.0}","Priority rank 152: 20 confirmed events across 3 transaction type(s) and 3 merchant country/countries. Strongest signals: attack breadth (64.8/100), excess fraud versus transaction mix (55.2/100), repeatability (46.0/100). Amount severity is capped at 10% of the score."
153,deb756e2-686a-4bb9-b7e6-0bdfcda82187,50.2123745819398,21,21,100.0,84.5356176735798,0.5259593632789082,20.21335862253751,4,"ATM, CARD_PAYMENT, P2P, TOPUP",2,"GBR, MLT",1,48.16053511705686,48.16053511705686,53.17725752508361,68.52842809364549,28.093645484949832,216,PASSED,"{""GBP"": 105435.0}","Priority rank 153: 21 confirmed events across 4 transaction type(s) and 2 merchant country/countries. Strongest signals: attack breadth (68.5/100), excess fraud versus transaction mix (53.2/100), repeatability (48.2/100). Amount severity is capped at 10% of the score."
154,d8e05abe-9845-4f7c-9113-871818193d3a,50.01170568561873,21,21,100.0,84.5356176735798,1.1017475572099453,15.722365970401961,4,"ATM, BANK_TRANSFER, CARD_PAYMENT, TOPUP",2,"ESP, GBR",1,48.16053511705686,48.16053511705686,42.80936454849498,68.52842809364549,46.82274247491639,160,PASSED,"{""GBP"": 242144.0}","Priority rank 154: 21 confirmed events across 4 transaction type(s) and 2 merchant country/countries. Strongest signals: attack breadth (68.5/100), repeatability (48.2/100), conservative fraud-rate conviction (48.2/100). Amount severity is capped at 10% of the score."
155,d3f42f6a-c722-4728-8af4-fa93406b4de4,49.449414715719065,22,22,100.0,85.13404742740389,0.7314999134872913,19.165478669760706,4,"ATM, BANK_TRANSFER, CARD_PAYMENT, TOPUP",1,GBR,1,50.33444816053512,50.33444816053512,49.163879598662206,57.70066889632107,32.77591973244147,202,PASSED,"{""GBP"": 155226.0}","Priority rank 155: 22 confirmed events across 4 transaction type(s) and 1 merchant country/countries. Strongest signals: attack breadth (57.7/100), repeatability (50.3/100), conservative fraud-rate conviction (50.3/100). Amount severity is capped at 10% of the score."
156,afe728a5-31ba-4fae-9ce0-3f4ff1fa97b0,49.4326923076923,23,23,100.0,85.68788745827372,0.7941580111089193,19.519720403738273,3,"ATM, CARD_PAYMENT, TOPUP",1,GBR,1,51.50501672240802,51.50501672240802,50.836120401337794,42.14882943143812,46.15384615384615,162,PASSED,"{""GBP"": 401547.0}","Priority rank 156: 23 confirmed events across 3 transaction type(s) and 1 merchant country/countries. Strongest signals: repeatability (51.5/100), conservative fraud-rate conviction (51.5/100), excess fraud versus transaction mix (50.8/100). Amount severity is capped at 10% of the score."
157,f4fe5ef5-562f-42b6-9e8b-559f154ec19b,49.25710702341137,21,21,100.0,84.5356176735798,0.8512336129453895,17.333379333205333,4,"ATM, BANK_TRANSFER, CARD_PAYMENT, TOPUP",1,GBR,1,48.16053511705686,48.16053511705686,46.82274247491639,57.70066889632107,47.491638795986624,158,PASSED,"{""GBP"": 660199.0}","Priority rank 157: 21 confirmed events across 4 transaction type(s) and 1 merchant country/countries. Strongest signals: attack breadth (57.7/100), repeatability (48.2/100), conservative fraud-rate conviction (48.2/100). Amount severity is capped at 10% of the score."
158,59ed8ebe-8c6f-4b2b-a25b-819053fe1d8a,49.140050167224075,17,17,100.0,81.56763396284354,0.6203001801848259,15.475287837032376,4,"ATM, CARD_PAYMENT, P2P, TOPUP",1,GBR,1,41.80602006688963,41.80602006688963,41.47157190635451,57.70066889632107,91.9732441471572,25,PASSED,"{""GBP"": 2951597.0}","Priority rank 158: 17 confirmed events across 4 transaction type(s) and 1 merchant country/countries. Strongest signals: currency/type-normalised amount severity (92.0/100), attack breadth (57.7/100), repeatability (41.8/100). Amount severity is capped at 10% of the score."
159,f761cf05-04ff-4a48-97a0-f16f148e4004,48.90008361204013,19,19,100.0,83.18156346315494,0.34179667890813825,20.336032033967147,3,"CARD_PAYMENT, P2P, TOPUP",2,"BRA, GBR",2,44.81605351170568,44.81605351170568,53.51170568561873,60.225752508361204,45.1505016722408,165,PASSED,"{""EUR"": 15100.0, ""GBP"": 99734.0}","Priority rank 159: 19 confirmed events across 3 transaction type(s) and 2 merchant country/countries. Strongest signals: attack breadth (60.2/100), excess fraud versus transaction mix (53.5/100), currency/type-normalised amount severity (45.2/100). Amount severity is capped at 10% of the score."
160,58e0a977-1279-4767-8180-7863024b82a5,48.62165551839465,18,18,100.0,82.41154494176251,0.7947534250364094,15.12054227583077,4,"ATM, BANK_TRANSFER, P2P, TOPUP",1,GBR,1,43.47826086956522,43.47826086956522,40.13377926421405,57.70066889632107,80.2675585284281,60,PASSED,"{""GBP"": 2217565.0}","Priority rank 160: 18 confirmed events across 4 transaction type(s) and 1 merchant country/countries. Strongest signals: currency/type-normalised amount severity (80.3/100), attack breadth (57.7/100), repeatability (43.5/100). Amount severity is capped at 10% of the score."
161,89406563-85a5-4a89-9cfc-3a0376794e2f,48.54013377926422,21,21,100.0,84.5356176735798,0.5995542731979007,19.45500384774822,4,"ATM, BANK_TRANSFER, CARD_PAYMENT, TOPUP",2,"CZE, GBR",1,48.16053511705686,48.16053511705686,50.0,68.52842809364549,17.725752508361204,247,PASSED,"{""GBP"": 78582.0}","Priority rank 161: 21 confirmed events across 4 transaction type(s) and 2 merchant country/countries. Strongest signals: attack breadth (68.5/100), excess fraud versus transaction mix (50.0/100), repeatability (48.2/100). Amount severity is capped at 10% of the score."
162,2707dd70-86d3-4823-ad0f-91a340bccb88,48.2311872909699,16,16,100.0,80.638658172728,0.4463205823785431,15.988731163121628,4,"ATM, BANK_TRANSFER, CARD_PAYMENT, TOPUP",2,"ESP, LUX",2,39.297658862876254,39.297658862876254,43.812709030100336,75.77759197324414,64.88294314381271,106,PASSED,"{""EUR"": 3029.0, ""GBP"": 1255846.0}","Priority rank 162: 16 confirmed events across 4 transaction type(s) and 2 merchant country/countries. Strongest signals: attack breadth (75.8/100), currency/type-normalised amount severity (64.9/100), excess fraud versus transaction mix (43.8/100). Amount severity is capped at 10% of the score."
163,ecbc58c1-5662-4b9c-9f8b-52b19dac5402,48.03804347826087,18,18,100.0,82.41154494176251,0.326865744360124,19.435516052234455,3,"ATM, CARD_PAYMENT, TOPUP",3,"GBR, IRL, NLD",1,43.47826086956522,43.47826086956522,49.49832775919732,57.60033444816053,55.852842809364546,133,PENDING,"{""GBP"": 91343.0}","Priority rank 163: 18 confirmed events across 3 transaction type(s) and 3 merchant country/countries. Strongest signals: attack breadth (57.6/100), currency/type-normalised amount severity (55.9/100), excess fraud versus transaction mix (49.5/100). Amount severity is capped at 10% of the score."
164,0f68c527-fc39-4a9a-8eba-7f46f6dfd593,47.61538461538461,22,22,100.0,85.13404742740389,1.1678598080744802,16.130733564978186,2,"BANK_TRANSFER, TOPUP",0,,1,50.33444816053512,50.33444816053512,44.481605351170565,17.82608695652174,83.61204013377926,50,PASSED,"{""GBP"": 3288867.0}","Priority rank 164: 22 confirmed events across 2 transaction type(s) and 0 merchant country/countries. Strongest signals: currency/type-normalised amount severity (83.6/100), repeatability (50.3/100), conservative fraud-rate conviction (50.3/100). Amount severity is capped at 10% of the score."
165,0a2f7a6d-cb7d-4901-8257-8354abe345ba,47.417642140468224,18,18,100.0,82.41154494176251,0.6834319248517549,15.9180617136999,4,"ATM, BANK_TRANSFER, CARD_PAYMENT, TOPUP",1,GBR,1,43.47826086956522,43.47826086956522,43.47826086956522,57.70066889632107,61.53846153846154,116,PASSED,"{""GBP"": 636769.0}","Priority rank 165: 18 confirmed events across 4 transaction type(s) and 1 merchant country/countries. Strongest signals: currency/type-normalised amount severity (61.5/100), attack breadth (57.7/100), repeatability (43.5/100). Amount severity is capped at 10% of the score."
166,1d3828f5-2e5c-47f3-b304-4e695d1603e3,47.40091973244147,17,17,100.0,81.56763396284354,0.6632640828335246,15.146982696059492,4,"ATM, BANK_TRANSFER, CARD_PAYMENT, TOPUP",1,GBR,1,41.80602006688963,41.80602006688963,40.468227424749166,57.70066889632107,76.58862876254182,71,PASSED,"{""GBP"": 660654.0}","Priority rank 166: 17 confirmed events across 4 transaction type(s) and 1 merchant country/countries. Strongest signals: currency/type-normalised amount severity (76.6/100), attack breadth (57.7/100), repeatability (41.8/100). Amount severity is capped at 10% of the score."
167,9c91fb34-e4ed-4ab8-83da-056d52bfdded,47.024665551839476,16,16,100.0,80.638658172728,0.4575030898025829,15.883664225123365,4,"ATM, CARD_PAYMENT, P2P, TOPUP",1,GBR,1,39.297658862876254,39.297658862876254,43.1438127090301,57.70066889632107,81.27090301003345,57,PENDING,"{""GBP"": 496470.0}","Priority rank 167: 16 confirmed events across 4 transaction type(s) and 1 merchant country/countries. Strongest signals: currency/type-normalised amount severity (81.3/100), attack breadth (57.7/100), excess fraud versus transaction mix (43.1/100). Amount severity is capped at 10% of the score."
168,1d4a5b03-fd14-4bda-bf34-275600f73248,46.99122073578595,16,16,100.0,80.638658172728,0.5096621201796618,15.416041093644811,4,"ATM, BANK_TRANSFER, CARD_PAYMENT, TOPUP",1,GBR,1,39.297658862876254,39.297658862876254,40.802675585284284,57.70066889632107,85.61872909698997,44,PASSED,"{""GBP"": 2214705.0}","Priority rank 168: 16 confirmed events across 4 transaction type(s) and 1 merchant country/countries. Strongest signals: currency/type-normalised amount severity (85.6/100), attack breadth (57.7/100), excess fraud versus transaction mix (40.8/100). Amount severity is capped at 10% of the score."
169,f75aec81-7f2a-419e-b50c-b724b15f75b8,46.48453177257525,27,27,100.0,87.54409628553643,1.35984597706163,18.801051535984005,2,"BANK_TRANSFER, TOPUP",0,,3,56.020066889632105,56.020066889632105,48.49498327759198,26.229096989966553,20.401337792642142,239,PASSED,"{""EUR"": 91089.0, ""GBP"": 81900.0, ""RON"": 22800.0}","Priority rank 169: 27 confirmed events across 2 transaction type(s) and 0 merchant country/countries. Strongest signals: repeatability (56.0/100), conservative fraud-rate conviction (56.0/100), excess fraud versus transaction mix (48.5/100). Amount severity is capped at 10% of the score."
170,65d70695-cc0c-4a8b-942f-a71135213b3b,46.39757525083613,20,20,100.0,83.88698745050667,0.9893899243476117,15.577287963955774,3,"ATM, BANK_TRANSFER, TOPUP",1,GBR,1,45.9866220735786,45.9866220735786,41.80602006688963,42.14882943143812,64.21404682274247,108,PASSED,"{""GBP"": 797100.0}","Priority rank 170: 20 confirmed events across 3 transaction type(s) and 1 merchant country/countries. Strongest signals: currency/type-normalised amount severity (64.2/100), repeatability (46.0/100), conservative fraud-rate conviction (46.0/100). Amount severity is capped at 10% of the score."
171,1dca7243-ef3d-4386-8bd8-8f2b2b16114c,46.309782608695656,21,21,100.0,84.5356176735798,0.9362946544811204,16.741307331073518,2,"ATM, TOPUP",1,GBR,1,48.16053511705686,48.16053511705686,45.819397993311036,29.3561872909699,62.54180602006689,113,PASSED,"{""GBP"": 1230600.0}","Priority rank 171: 21 confirmed events across 2 transaction type(s) and 1 merchant country/countries. Strongest signals: currency/type-normalised amount severity (62.5/100), repeatability (48.2/100), conservative fraud-rate conviction (48.2/100). Amount severity is capped at 10% of the score."
172,e462884a-0f0a-44a4-b42e-a670e85e9e7c,45.80602006688963,16,16,100.0,80.638658172728,0.5854802650582607,14.795138400074991,4,"ATM, BANK_TRANSFER, CARD_PAYMENT, TOPUP",2,"GBR, USA",1,39.297658862876254,39.297658862876254,38.46153846153847,68.52842809364549,62.207357859531776,114,PASSED,"{""GBP"": 641898.0}","Priority rank 172: 16 confirmed events across 4 transaction type(s) and 2 merchant country/countries. Strongest signals: attack breadth (68.5/100), currency/type-normalised amount severity (62.2/100), repeatability (39.3/100). Amount severity is capped at 10% of the score."
173,eafda277-d957-4c5f-9b1c-a0d04ecb8241,44.700250836120404,15,15,100.0,79.6110733695652,0.3759491381043501,15.625295669759826,3,"ATM, CARD_PAYMENT, TOPUP",1,GBR,1,37.12374581939799,37.12374581939799,42.14046822742475,42.14882943143812,95.31772575250837,15,PASSED,"{""GBP"": 2539590.0}","Priority rank 173: 15 confirmed events across 3 transaction type(s) and 1 merchant country/countries. Strongest signals: currency/type-normalised amount severity (95.3/100), attack breadth (42.1/100), excess fraud versus transaction mix (42.1/100). Amount severity is capped at 10% of the score."
174,8fbaa5b9-f85f-4839-91dc-3f8ee9021acb,44.58319397993311,19,19,100.0,83.18156346315494,0.3999494830806126,19.606725012133637,3,"ATM, CARD_PAYMENT, TOPUP",1,GBR,1,44.81605351170568,44.81605351170568,51.17056856187291,42.14882943143812,33.77926421404682,199,PASSED,"{""GBP"": 102028.0}","Priority rank 174: 19 confirmed events across 3 transaction type(s) and 1 merchant country/countries. Strongest signals: excess fraud versus transaction mix (51.2/100), repeatability (44.8/100), conservative fraud-rate conviction (44.8/100). Amount severity is capped at 10% of the score."
175,1391802d-cdaa-449c-a58a-039cfff1a706,44.47658862876255,16,16,100.0,80.638658172728,0.5630994328559726,14.971770578584865,3,"BANK_TRANSFER, CARD_PAYMENT, TOPUP",2,"GBR, GIB",1,39.297658862876254,39.297658862876254,38.79598662207358,52.97658862876254,71.57190635451505,86,PASSED,"{""GBP"": 1604268.0}","Priority rank 175: 16 confirmed events across 3 transaction type(s) and 2 merchant country/countries. Strongest signals: currency/type-normalised amount severity (71.6/100), attack breadth (53.0/100), repeatability (39.3/100). Amount severity is capped at 10% of the score."
176,fec955c7-cba4-42e5-9f04-b54e6072612d,44.45484949832776,20,20,100.0,83.88698745050667,0.8169023523926933,16.716369057479604,2,"BANK_TRANSFER, TOPUP",0,,1,45.9866220735786,45.9866220735786,45.1505016722408,17.82608695652174,74.5819397993311,77,FAILED,"{""GBP"": 1454848.0}","Priority rank 176: 20 confirmed events across 2 transaction type(s) and 0 merchant country/countries. Strongest signals: currency/type-normalised amount severity (74.6/100), repeatability (46.0/100), conservative fraud-rate conviction (46.0/100). Amount severity is capped at 10% of the score."
177,fab583e0-c5bd-4aa7-a801-e748bb47c175,44.34071906354515,19,19,100.0,83.18156346315494,0.6643258727281403,16.992591132492425,4,"ATM, BANK_TRANSFER, CARD_PAYMENT, TOPUP",1,GBR,1,44.81605351170568,44.81605351170568,46.15384615384615,57.70066889632107,18.06020066889632,246,PASSED,"{""GBP"": 45703.0}","Priority rank 177: 19 confirmed events across 4 transaction type(s) and 1 merchant country/countries. Strongest signals: attack breadth (57.7/100), excess fraud versus transaction mix (46.2/100), repeatability (44.8/100). Amount severity is capped at 10% of the score."
178,945c0a47-32bf-4f2b-9f09-8f20592467b3,43.92265886287625,16,16,100.0,80.638658172728,0.37299428912368127,16.725151851683588,3,"ATM, CARD_PAYMENT, TOPUP",1,GBR,1,39.297658862876254,39.297658862876254,45.48494983277592,42.14882943143812,68.89632107023411,94,PASSED,"{""GBP"": 812590.0}","Priority rank 178: 16 confirmed events across 3 transaction type(s) and 1 merchant country/countries. Strongest signals: currency/type-normalised amount severity (68.9/100), excess fraud versus transaction mix (45.5/100), attack breadth (42.1/100). Amount severity is capped at 10% of the score."
179,9912951e-32cb-4ec8-80b8-ccba38a8d970,43.857859531772576,16,16,100.0,80.638658172728,0.5551656433808491,15.035675144897484,3,"ATM, CARD_PAYMENT, TOPUP",2,"GBR, NLD",1,39.297658862876254,39.297658862876254,39.79933110367893,52.97658862876254,63.37792642140469,109,PASSED,"{""GBP"": 798870.0}","Priority rank 179: 16 confirmed events across 3 transaction type(s) and 2 merchant country/countries. Strongest signals: currency/type-normalised amount severity (63.4/100), attack breadth (53.0/100), excess fraud versus transaction mix (39.8/100). Amount severity is capped at 10% of the score."
180,4a84287a-7345-482f-97ee-7b9cf7ec65d7,43.27884615384615,18,18,100.0,82.41154494176251,0.7209384772076787,15.637713809301685,3,"BANK_TRANSFER, CARD_PAYMENT, TOPUP",1,GBR,1,43.47826086956522,43.47826086956522,42.474916387959865,42.14882943143812,45.48494983277592,164,PASSED,"{""GBP"": 678078.0}","Priority rank 180: 18 confirmed events across 3 transaction type(s) and 1 merchant country/countries. Strongest signals: currency/type-normalised amount severity (45.5/100), repeatability (43.5/100), conservative fraud-rate conviction (43.5/100). Amount severity is capped at 10% of the score."
181,33662955-888e-4199-973e-20a32b2a31da,43.211956521739125,17,17,100.0,81.56763396284354,0.7519997204347207,14.521042680827065,3,"ATM, BANK_TRANSFER, TOPUP",1,GBR,1,41.80602006688963,41.80602006688963,37.79264214046823,42.14882943143812,63.37792642140469,109,PASSED,"{""GBP"": 798000.0}","Priority rank 181: 17 confirmed events across 3 transaction type(s) and 1 merchant country/countries. Strongest signals: currency/type-normalised amount severity (63.4/100), attack breadth (42.1/100), repeatability (41.8/100). Amount severity is capped at 10% of the score."
182,8cc2fb83-f725-480e-a06f-fe0cff02ab91,42.66847826086956,13,13,100.0,77.18981569447084,0.36196985548713684,13.612357545915065,4,"ATM, BANK_TRANSFER, CARD_PAYMENT, TOPUP",1,GBR,1,32.10702341137124,32.10702341137124,33.11036789297659,57.70066889632107,97.32441471571906,9,PASSED,"{""GBP"": 1673814.0}","Priority rank 182: 13 confirmed events across 4 transaction type(s) and 1 merchant country/countries. Strongest signals: currency/type-normalised amount severity (97.3/100), attack breadth (57.7/100), excess fraud versus transaction mix (33.1/100). Amount severity is capped at 10% of the score."
183,dabf58e3-183b-44f5-a989-0e0054af0b9d,41.31396321070234,14,14,100.0,78.46829880728185,0.4710937779291221,13.72878490092805,4,"ATM, BANK_TRANSFER, CARD_PAYMENT, TOPUP",1,GBR,1,35.11705685618729,35.11705685618729,34.448160535117054,57.70066889632107,64.54849498327759,107,PASSED,"{""GBP"": 243100.0}","Priority rank 183: 14 confirmed events across 4 transaction type(s) and 1 merchant country/countries. Strongest signals: currency/type-normalised amount severity (64.5/100), attack breadth (57.7/100), repeatability (35.1/100). Amount severity is capped at 10% of the score."
184,e944d23b-6b14-4b59-9fee-5846e5cf5429,41.16346153846153,13,13,100.0,77.18981569447084,0.35326338233262555,13.691055147945454,4,"BANK_TRANSFER, CARD_PAYMENT, P2P, TOPUP",1,GBR,1,32.10702341137124,32.10702341137124,33.77926421404682,57.70066889632107,80.93645484949833,58,PASSED,"{""GBP"": 1199548.0}","Priority rank 184: 13 confirmed events across 4 transaction type(s) and 1 merchant country/countries. Strongest signals: currency/type-normalised amount severity (80.9/100), attack breadth (57.7/100), excess fraud versus transaction mix (33.8/100). Amount severity is capped at 10% of the score."
185,8614c407-b09b-4577-9c6e-482ba8abf8f4,41.084030100334445,14,14,100.0,78.46829880728185,0.4112059884580901,14.235496952948528,5,"ATM, BANK_TRANSFER, CARD_PAYMENT, P2P, TOPUP",1,GBR,1,35.11705685618729,35.11705685618729,36.45484949832776,69.3227424749164,40.802675585284284,178,PASSED,"{""GBP"": 553576.0}","Priority rank 185: 14 confirmed events across 5 transaction type(s) and 1 merchant country/countries. Strongest signals: attack breadth (69.3/100), currency/type-normalised amount severity (40.8/100), excess fraud versus transaction mix (36.5/100). Amount severity is capped at 10% of the score."
186,fd038013-8fe1-4dcd-9a6c-b8c4028987f8,41.064381270903006,15,15,100.0,79.6110733695652,0.506134135878246,14.449615666612672,3,"BANK_TRANSFER, P2P, TOPUP",0,,1,37.12374581939799,37.12374581939799,37.12374581939799,30.618729096989966,86.2876254180602,42,PASSED,"{""GBP"": 3840500.0}","Priority rank 186: 15 confirmed events across 3 transaction type(s) and 0 merchant country/countries. Strongest signals: currency/type-normalised amount severity (86.3/100), repeatability (37.1/100), conservative fraud-rate conviction (37.1/100). Amount severity is capped at 10% of the score."
187,9f1c374b-99ee-47c9-803c-3ba7655e203f,40.44439799331104,14,14,100.0,78.46829880728185,0.38338362331723563,14.487536071239571,4,"ATM, BANK_TRANSFER, CARD_PAYMENT, TOPUP",1,GBR,1,35.11705685618729,35.11705685618729,37.45819397993311,57.70066889632107,49.83277591973244,151,PASSED,"{""GBP"": 183514.0}","Priority rank 187: 14 confirmed events across 4 transaction type(s) and 1 merchant country/countries. Strongest signals: attack breadth (57.7/100), currency/type-normalised amount severity (49.8/100), excess fraud versus transaction mix (37.5/100). Amount severity is capped at 10% of the score."
188,49b341d2-7ce7-459b-a8d9-64c05b0d3138,40.42516722408027,20,20,100.0,83.88698745050667,1.0127330581690697,15.437654153695911,2,"BANK_TRANSFER, TOPUP",0,,2,45.9866220735786,45.9866220735786,41.1371237458194,25.0752508361204,31.438127090301005,206,PASSED,"{""EUR"": 560977.0, ""GBP"": 515000.0}","Priority rank 188: 20 confirmed events across 2 transaction type(s) and 0 merchant country/countries. Strongest signals: repeatability (46.0/100), conservative fraud-rate conviction (46.0/100), excess fraud versus transaction mix (41.1/100). Amount severity is capped at 10% of the score."
189,3c0b6fdb-0019-4e12-bffd-31cbb59d2215,40.277173913043484,13,13,100.0,77.18981569447084,0.46636763674458964,12.749870193219355,4,"ATM, CARD_PAYMENT, P2P, TOPUP",1,GBR,1,32.10702341137124,32.10702341137124,31.103678929765888,57.70066889632107,77.4247491638796,68,PASSED,"{""GBP"": 495822.0}","Priority rank 189: 13 confirmed events across 4 transaction type(s) and 1 merchant country/countries. Strongest signals: currency/type-normalised amount severity (77.4/100), attack breadth (57.7/100), repeatability (32.1/100). Amount severity is capped at 10% of the score."
190,48bef283-2907-4ffd-8618-83eda9e193c4,40.00961538461537,17,17,100.0,81.56763396284354,0.8088911863539384,14.152228103316746,4,"ATM, BANK_TRANSFER, CARD_PAYMENT, TOPUP",1,GBR,1,41.80602006688963,41.80602006688963,36.12040133779264,57.70066889632107,11.37123745819398,266,PASSED,"{""GBP"": 65401.0}","Priority rank 190: 17 confirmed events across 4 transaction type(s) and 1 merchant country/countries. Strongest signals: attack breadth (57.7/100), repeatability (41.8/100), conservative fraud-rate conviction (41.8/100). Amount severity is capped at 10% of the score."
191,12c1cfcc-2baa-4e6f-b6fd-198a30d1d3d6,39.7943143812709,13,13,100.0,77.18981569447084,0.3174918152752594,14.026956322164578,3,"BANK_TRANSFER, CARD_PAYMENT, TOPUP",3,"AUT, LTU, MLT",2,32.10702341137124,32.10702341137124,35.45150501672241,64.84949832775919,53.17725752508361,141,PASSED,"{""EUR"": 67300.0, ""GBP"": 34500.0}","Priority rank 191: 13 confirmed events across 3 transaction type(s) and 3 merchant country/countries. Strongest signals: attack breadth (64.8/100), currency/type-normalised amount severity (53.2/100), excess fraud versus transaction mix (35.5/100). Amount severity is capped at 10% of the score."
192,490d1d0b-473a-44ca-8466-666d403b8099,39.40886287625418,18,18,100.0,82.41154494176251,0.8158729189854408,14.980299669816505,3,"BANK_TRANSFER, P2P, TOPUP",0,,1,43.47826086956522,43.47826086956522,39.130434782608695,30.618729096989966,30.76923076923077,208,PASSED,"{""GBP"": 275621.0}","Priority rank 192: 18 confirmed events across 3 transaction type(s) and 0 merchant country/countries. Strongest signals: repeatability (43.5/100), conservative fraud-rate conviction (43.5/100), excess fraud versus transaction mix (39.1/100). Amount severity is capped at 10% of the score."
193,78000f03-f3bf-4b4d-b2e4-bf5c785a3aee,39.32608695652174,14,14,100.0,78.46829880728185,0.4723397037409906,13.718722739699174,4,"ATM, BANK_TRANSFER, CARD_PAYMENT, TOPUP",2,"AUT, GBR",1,35.11705685618729,35.11705685618729,34.11371237458194,68.52842809364549,29.09698996655518,213,PASSED,"{""GBP"": 163430.0}","Priority rank 193: 14 confirmed events across 4 transaction type(s) and 2 merchant country/countries. Strongest signals: attack breadth (68.5/100), repeatability (35.1/100), conservative fraud-rate conviction (35.1/100). Amount severity is capped at 10% of the score."
194,506b6973-552a-4117-a4d3-6ecef8058c35,39.31563545150501,17,17,100.0,81.56763396284354,0.6794152859764702,15.028039848202406,3,"BANK_TRANSFER, CARD_PAYMENT, TOPUP",1,GBR,1,41.80602006688963,41.80602006688963,39.46488294314381,42.14882943143812,21.070234113712374,237,PASSED,"{""GBP"": 121650.0}","Priority rank 194: 17 confirmed events across 3 transaction type(s) and 1 merchant country/countries. Strongest signals: attack breadth (42.1/100), repeatability (41.8/100), conservative fraud-rate conviction (41.8/100). Amount severity is capped at 10% of the score."
195,06e026bb-658c-4691-bbb0-7795148403e2,38.571488294314385,14,14,100.0,78.46829880728185,0.5528579276743648,13.105243887422581,4,"ATM, BANK_TRANSFER, CARD_PAYMENT, TOPUP",1,GBR,1,35.11705685618729,35.11705685618729,32.10702341137124,57.70066889632107,41.80602006688963,175,PASSED,"{""GBP"": 272472.0}","Priority rank 195: 14 confirmed events across 4 transaction type(s) and 1 merchant country/countries. Strongest signals: attack breadth (57.7/100), currency/type-normalised amount severity (41.8/100), repeatability (35.1/100). Amount severity is capped at 10% of the score."
196,e87224fd-5a6b-4820-a4b2-6190ea1266c5,38.52926421404682,14,14,100.0,78.46829880728185,0.4698478521172536,13.738865633776218,3,"BANK_TRANSFER, CARD_PAYMENT, TOPUP",4,"GBR, LUX, NLD, USA",1,35.11705685618729,35.11705685618729,34.78260869565217,59.64882943143812,33.11036789297659,201,FAILED,"{""GBP"": 162540.0}","Priority rank 196: 14 confirmed events across 3 transaction type(s) and 4 merchant country/countries. Strongest signals: attack breadth (59.6/100), repeatability (35.1/100), conservative fraud-rate conviction (35.1/100). Amount severity is capped at 10% of the score."
197,2182c140-9de3-4afc-90c1-cbce1ead4238,38.26546822742475,14,14,100.0,78.46829880728185,0.7431835142292147,11.889719890437334,2,"BANK_TRANSFER, TOPUP",0,,3,35.11705685618729,35.11705685618729,28.762541806020064,26.229096989966553,92.64214046822742,23,PASSED,"{""EUR"": 1974050.0, ""GBP"": 130000.0, ""RON"": 9806700.0}","Priority rank 197: 14 confirmed events across 2 transaction type(s) and 0 merchant country/countries. Strongest signals: currency/type-normalised amount severity (92.6/100), repeatability (35.1/100), conservative fraud-rate conviction (35.1/100). Amount severity is capped at 10% of the score."
198,3f96bf38-cd3e-475a-b9e4-5177300bca9c,37.81061872909699,14,14,100.0,78.46829880728185,0.41046453457429904,14.242069301943165,3,"ATM, CARD_PAYMENT, TOPUP",1,GBR,1,35.11705685618729,35.11705685618729,36.78929765886287,42.14882943143812,48.16053511705686,156,PASSED,"{""GBP"": 252165.0}","Priority rank 198: 14 confirmed events across 3 transaction type(s) and 1 merchant country/countries. Strongest signals: currency/type-normalised amount severity (48.2/100), attack breadth (42.1/100), excess fraud versus transaction mix (36.8/100). Amount severity is capped at 10% of the score."
199,c1192087-81c9-4328-89a0-398f33cb91de,37.29222408026756,12,12,100.0,75.74992425007574,0.5060721717560028,11.45918939974917,4,"ATM, BANK_TRANSFER, CARD_PAYMENT, TOPUP",1,GBR,1,28.595317725752505,28.595317725752505,25.418060200668897,57.70066889632107,78.26086956521739,66,PASSED,"{""GBP"": 4002126.0}","Priority rank 199: 12 confirmed events across 4 transaction type(s) and 1 merchant country/countries. Strongest signals: currency/type-normalised amount severity (78.3/100), attack breadth (57.7/100), repeatability (28.6/100). Amount severity is capped at 10% of the score."
200,1193656b-6e8f-4f0c-9824-5c66c588f219,37.030100334448164,16,16,100.0,80.638658172728,0.6045642054700604,14.648612953192305,2,"BANK_TRANSFER, TOPUP",0,,1,39.297658862876254,39.297658862876254,38.12709030100335,17.82608695652174,51.17056856187291,147,PASSED,"{""GBP"": 1165500.0}","Priority rank 200: 16 confirmed events across 2 transaction type(s) and 0 merchant country/countries. Strongest signals: currency/type-normalised amount severity (51.2/100), repeatability (39.3/100), conservative fraud-rate conviction (39.3/100). Amount severity is capped at 10% of the score."
201,9b22dd3a-b857-4a2f-9a5f-fcc70dadab00,36.94230769230769,16,16,100.0,80.638658172728,0.44404876866454457,16.01029587499735,3,"BANK_TRANSFER, P2P, TOPUP",0,,1,39.297658862876254,39.297658862876254,44.14715719063545,30.618729096989966,19.063545150501675,243,PASSED,"{""GBP"": 11163.0}","Priority rank 201: 16 confirmed events across 3 transaction type(s) and 0 merchant country/countries. Strongest signals: excess fraud versus transaction mix (44.1/100), repeatability (39.3/100), conservative fraud-rate conviction (39.3/100). Amount severity is capped at 10% of the score."
202,29fe10de-d69b-4ab6-b37c-d1d292ea1341,36.272157190635454,13,13,100.0,77.18981569447084,0.5267440807894905,12.309735721559221,3,"ATM, CARD_PAYMENT, TOPUP",1,GBR,1,32.10702341137124,32.10702341137124,29.76588628762542,42.14882943143812,63.37792642140469,109,PASSED,"{""GBP"": 836159.0}","Priority rank 202: 13 confirmed events across 3 transaction type(s) and 1 merchant country/countries. Strongest signals: currency/type-normalised amount severity (63.4/100), attack breadth (42.1/100), repeatability (32.1/100). Amount severity is capped at 10% of the score."
203,0a2edefd-8725-4823-9319-4ab9d7f4b2c3,35.72031772575251,13,13,100.0,77.18981569447084,0.39477632878828534,13.325800683688877,3,"ATM, CARD_PAYMENT, TOPUP",1,GBR,1,32.10702341137124,32.10702341137124,32.441471571906355,42.14882943143812,52.508361204013376,143,PASSED,"{""GBP"": 155599.0}","Priority rank 203: 13 confirmed events across 3 transaction type(s) and 1 merchant country/countries. Strongest signals: currency/type-normalised amount severity (52.5/100), attack breadth (42.1/100), excess fraud versus transaction mix (32.4/100). Amount severity is capped at 10% of the score."
204,8079c3e7-b57d-43b6-aa44-4277a27caf1c,34.35326086956521,15,15,100.0,79.6110733695652,0.28699305768059524,16.585019604975685,2,"CARD_PAYMENT, TOPUP",1,GBR,1,37.12374581939799,37.12374581939799,44.81605351170568,29.3561872909699,5.68561872909699,283,PENDING,"{""GBP"": 7098.0}","Priority rank 204: 15 confirmed events across 2 transaction type(s) and 1 merchant country/countries. Strongest signals: excess fraud versus transaction mix (44.8/100), repeatability (37.1/100), conservative fraud-rate conviction (37.1/100). Amount severity is capped at 10% of the score."
205,0e1d713b-2132-494d-8e61-965684e0a644,34.29891304347826,11,11,100.0,74.11599827511859,0.3738255583151184,11.367489704581853,3,"BANK_TRANSFER, CARD_PAYMENT, TOPUP",1,GBR,1,25.08361204013378,25.08361204013378,25.08361204013378,42.14882943143812,91.63879598662207,26,PASSED,"{""GBP"": 394600.0}","Priority rank 205: 11 confirmed events across 3 transaction type(s) and 1 merchant country/countries. Strongest signals: currency/type-normalised amount severity (91.6/100), attack breadth (42.1/100), repeatability (25.1/100). Amount severity is capped at 10% of the score."
206,8495577a-3967-4663-b05c-60177fefa664,33.82357859531773,13,13,100.0,77.18981569447084,0.42805604422191457,13.050144921911993,3,"BANK_TRANSFER, P2P, TOPUP",0,,1,32.10702341137124,32.10702341137124,31.438127090301005,30.618729096989966,52.84280936454849,142,PASSED,"{""GBP"": 1067250.0}","Priority rank 206: 13 confirmed events across 3 transaction type(s) and 0 merchant country/countries. Strongest signals: currency/type-normalised amount severity (52.8/100), repeatability (32.1/100), conservative fraud-rate conviction (32.1/100). Amount severity is capped at 10% of the score."
207,6c3940cc-a2e2-4ab0-9a33-e5982704afd0,33.76003344481606,12,12,100.0,75.74992425007574,0.23992844032255412,13.671466549593083,2,"CARD_PAYMENT, TOPUP",1,GBR,2,28.595317725752505,28.595317725752505,33.44481605351171,36.60535117056856,58.52842809364549,125,PASSED,"{""EUR"": 38038.0, ""GBP"": 57577.0}","Priority rank 207: 12 confirmed events across 2 transaction type(s) and 1 merchant country/countries. Strongest signals: currency/type-normalised amount severity (58.5/100), attack breadth (36.6/100), excess fraud versus transaction mix (33.4/100). Amount severity is capped at 10% of the score."
208,0cf86386-78c9-4468-8d03-133df994fec3,33.7136287625418,12,12,100.0,75.74992425007574,0.4583604211237774,11.789708660670135,4,"ATM, BANK_TRANSFER, CARD_PAYMENT, TOPUP",1,GBR,1,28.595317725752505,28.595317725752505,27.759197324414714,57.70066889632107,37.79264214046823,187,PASSED,"{""GBP"": 180903.0}","Priority rank 208: 12 confirmed events across 4 transaction type(s) and 1 merchant country/countries. Strongest signals: attack breadth (57.7/100), currency/type-normalised amount severity (37.8/100), repeatability (28.6/100). Amount severity is capped at 10% of the score."
209,8e9fe820-cff5-4d12-8002-575bbad6e29f,33.55267558528428,13,13,100.0,77.18981569447084,0.33312160244415245,13.87763316919717,2,"CARD_PAYMENT, TOPUP",2,"CHN, GBR",1,32.10702341137124,32.10702341137124,35.11705685618729,40.18394648829432,28.428093645484946,215,PENDING,"{""GBP"": 257115.0}","Priority rank 209: 13 confirmed events across 2 transaction type(s) and 2 merchant country/countries. Strongest signals: attack breadth (40.2/100), excess fraud versus transaction mix (35.1/100), repeatability (32.1/100). Amount severity is capped at 10% of the score."
210,d8ecbea8-6206-4fdc-be6d-c0a75338f5b5,32.7943143812709,9,9,100.0,70.08472464490406,0.39713238523127026,9.082700059907427,4,"ATM, BANK_TRANSFER, CARD_PAYMENT, TOPUP",1,GBR,2,19.899665551839465,19.899665551839465,18.06020066889632,64.94983277591973,84.94983277591973,46,PASSED,"{""EUR"": 600000.0, ""GBP"": 861076.0}","Priority rank 210: 9 confirmed events across 4 transaction type(s) and 1 merchant country/countries. Strongest signals: currency/type-normalised amount severity (84.9/100), attack breadth (64.9/100), repeatability (19.9/100). Amount severity is capped at 10% of the score."
211,9ebe2074-893f-4cfc-a463-14cb31b10939,32.68227424749164,16,16,100.0,80.638658172728,0.8003949112464369,13.328911172916651,2,"BANK_TRANSFER, TOPUP",0,,1,39.297658862876254,39.297658862876254,32.77591973244147,17.82608695652174,18.394648829431436,245,PASSED,"{""GBP"": 124601.0}","Priority rank 211: 16 confirmed events across 2 transaction type(s) and 0 merchant country/countries. Strongest signals: repeatability (39.3/100), conservative fraud-rate conviction (39.3/100), excess fraud versus transaction mix (32.8/100). Amount severity is capped at 10% of the score."
212,4ad51689-1539-4620-8029-80545858e087,32.26923076923077,12,12,100.0,75.74992425007574,0.3534735803796354,12.606698755986162,3,"BANK_TRANSFER, CARD_PAYMENT, TOPUP",2,"GBR, NLD",1,28.595317725752505,28.595317725752505,30.76923076923077,52.97658862876254,24.414715719063544,227,PENDING,"{""GBP"": 758474.0}","Priority rank 212: 12 confirmed events across 3 transaction type(s) and 2 merchant country/countries. Strongest signals: attack breadth (53.0/100), excess fraud versus transaction mix (30.8/100), repeatability (28.6/100). Amount severity is capped at 10% of the score."
213,9873cdc9-a305-47bf-a742-041fea139d1d,31.94941471571906,12,12,100.0,75.74992425007574,0.4106486704915517,12.14461354690444,3,"ATM, CARD_PAYMENT, TOPUP",1,GBR,1,28.595317725752505,28.595317725752505,29.431438127090303,42.14882943143812,40.13377926421405,180,PASSED,"{""GBP"": 239980.0}","Priority rank 213: 12 confirmed events across 3 transaction type(s) and 1 merchant country/countries. Strongest signals: attack breadth (42.1/100), currency/type-normalised amount severity (40.1/100), excess fraud versus transaction mix (29.4/100). Amount severity is capped at 10% of the score."
214,5a82f8d5-8fec-4d96-89c9-6aa815fd8bba,31.770903010033443,13,13,100.0,77.18981569447084,0.5677047863883211,12.031664671152544,2,"BANK_TRANSFER, TOPUP",0,,1,32.10702341137124,32.10702341137124,29.09698996655518,17.82608695652174,56.187290969899664,132,PASSED,"{""GBP"": 641986.0}","Priority rank 214: 13 confirmed events across 2 transaction type(s) and 0 merchant country/countries. Strongest signals: currency/type-normalised amount severity (56.2/100), repeatability (32.1/100), conservative fraud-rate conviction (32.1/100). Amount severity is capped at 10% of the score."
215,758418ec-aa80-4e86-b007-8dc73c19b0a9,31.44774247491639,12,12,100.0,75.74992425007574,0.29931135295268857,13.087401687238673,3,"ATM, P2P, TOPUP",1,ROM,1,28.595317725752505,28.595317725752505,31.77257525083612,42.14882943143812,30.434782608695656,209,PASSED,"{""GBP"": 48017.0}","Priority rank 215: 12 confirmed events across 3 transaction type(s) and 1 merchant country/countries. Strongest signals: attack breadth (42.1/100), excess fraud versus transaction mix (31.8/100), currency/type-normalised amount severity (30.4/100). Amount severity is capped at 10% of the score."
216,a17352c1-0f41-4da7-8540-48283b832fc9,31.140468227424748,11,11,100.0,74.11599827511859,0.33756493177106306,11.650569547039089,3,"ATM, CARD_PAYMENT, TOPUP",2,"GBR, LUX",1,25.08361204013378,25.08361204013378,26.421404682274247,52.97658862876254,41.1371237458194,177,PASSED,"{""GBP"": 224120.0}","Priority rank 216: 11 confirmed events across 3 transaction type(s) and 2 merchant country/countries. Strongest signals: attack breadth (53.0/100), currency/type-normalised amount severity (41.1/100), excess fraud versus transaction mix (26.4/100). Amount severity is capped at 10% of the score."
217,257e5b1d-bd79-4354-b0aa-e4894ac24aa5,30.80936454849498,12,12,100.0,75.74992425007574,0.4901414114356159,11.567017043894712,2,"BANK_TRANSFER, TOPUP",0,,1,28.595317725752505,28.595317725752505,26.08695652173913,17.82608695652174,71.90635451505017,85,PASSED,"{""GBP"": 1296850.0}","Priority rank 217: 12 confirmed events across 2 transaction type(s) and 0 merchant country/countries. Strongest signals: currency/type-normalised amount severity (71.9/100), repeatability (28.6/100), conservative fraud-rate conviction (28.6/100). Amount severity is capped at 10% of the score."
218,a91002c4-d045-4e27-a2ed-00df1cdf2f97,30.352424749163877,10,10,100.0,72.24598312333835,0.3770486190470977,10.27534605465539,3,"ATM, P2P, TOPUP",1,GBR,1,22.40802675585284,22.40802675585284,22.073578595317723,42.14882943143812,72.90969899665552,82,PASSED,"{""GBP"": 996599.0}","Priority rank 218: 10 confirmed events across 3 transaction type(s) and 1 merchant country/countries. Strongest signals: currency/type-normalised amount severity (72.9/100), attack breadth (42.1/100), repeatability (22.4/100). Amount severity is capped at 10% of the score."
219,2160db4c-0a9a-4242-8b4b-1340b29bb747,30.29180602006689,11,11,100.0,74.11599827511859,0.25007521998173526,12.412321510231122,2,"CARD_PAYMENT, TOPUP",2,"ITA, LUX",1,25.08361204013378,25.08361204013378,30.100334448160538,40.18394648829432,44.481605351170565,167,PASSED,"{""GBP"": 138081.0}","Priority rank 219: 11 confirmed events across 2 transaction type(s) and 2 merchant country/countries. Strongest signals: currency/type-normalised amount severity (44.5/100), attack breadth (40.2/100), excess fraud versus transaction mix (30.1/100). Amount severity is capped at 10% of the score."
220,3579259f-f534-4ff6-8c58-c3db739a9e00,29.842391304347824,12,12,100.0,75.74992425007574,0.2031633418504214,14.068165065376382,3,"CARD_PAYMENT, P2P, TOPUP",1,GBR,1,28.595317725752505,28.595317725752505,35.785953177257525,42.14882943143812,6.354515050167224,281,PASSED,"{""GBP"": 6121.0}","Priority rank 220: 12 confirmed events across 3 transaction type(s) and 1 merchant country/countries. Strongest signals: attack breadth (42.1/100), excess fraud versus transaction mix (35.8/100), repeatability (28.6/100). Amount severity is capped at 10% of the score."
221,d33c90a7-7814-4807-97af-fddf737222c3,29.78386287625418,10,10,100.0,72.24598312333835,0.3710548452517021,10.31706015104856,3,"BANK_TRANSFER, CARD_PAYMENT, TOPUP",1,GBR,1,22.40802675585284,22.40802675585284,22.40802675585284,42.14882943143812,66.5551839464883,101,FAILED,"{""GBP"": 779385.0}","Priority rank 221: 10 confirmed events across 3 transaction type(s) and 1 merchant country/countries. Strongest signals: currency/type-normalised amount severity (66.6/100), attack breadth (42.1/100), repeatability (22.4/100). Amount severity is capped at 10% of the score."
222,e750e4ed-45b2-4327-a3dc-8d59147f927f,29.21948160535117,11,11,100.0,74.11599827511859,0.46380712172818317,10.732197267740226,2,"ATM, TOPUP",1,GBR,1,25.08361204013378,25.08361204013378,23.411371237458194,29.3561872909699,63.37792642140469,109,PASSED,"{""GBP"": 801000.0}","Priority rank 222: 11 confirmed events across 2 transaction type(s) and 1 merchant country/countries. Strongest signals: currency/type-normalised amount severity (63.4/100), attack breadth (29.4/100), repeatability (25.1/100). Amount severity is capped at 10% of the score."
223,043eb69b-fee3-4fce-9d7a-87652a5e88b0,28.94481605351171,14,14,100.0,78.46829880728185,0.6452681613410265,12.479051532739648,2,"BANK_TRANSFER, TOPUP",0,,1,35.11705685618729,35.11705685618729,30.434782608695656,17.82608695652174,8.695652173913043,274,PASSED,"{""GBP"": 55200.0}","Priority rank 223: 14 confirmed events across 2 transaction type(s) and 0 merchant country/countries. Strongest signals: repeatability (35.1/100), conservative fraud-rate conviction (35.1/100), excess fraud versus transaction mix (30.4/100). Amount severity is capped at 10% of the score."
224,c7e79b70-a6c7-4da3-83f6-fd3813c94e3d,28.447324414715716,12,12,100.0,75.74992425007574,0.4764990039623825,11.661342241407054,3,"BANK_TRANSFER, P2P, TOPUP",0,,1,28.595317725752505,28.595317725752505,26.755852842809364,30.618729096989966,27.759197324414714,217,PASSED,"{""GBP"": 65650.0}","Priority rank 224: 12 confirmed events across 3 transaction type(s) and 0 merchant country/countries. Strongest signals: attack breadth (30.6/100), repeatability (28.6/100), conservative fraud-rate conviction (28.6/100). Amount severity is capped at 10% of the score."
225,09f9f5ce-e041-49e0-a9f1-7f731bc5fd2b,27.977842809364546,11,11,100.0,74.11599827511859,0.3203882456388076,11.790867256855496,3,"ATM, CARD_PAYMENT, TOPUP",1,GBR,1,25.08361204013378,25.08361204013378,28.093645484949832,42.14882943143812,22.40802675585284,233,PASSED,"{""GBP"": 74876.0}","Priority rank 225: 11 confirmed events across 3 transaction type(s) and 1 merchant country/countries. Strongest signals: attack breadth (42.1/100), excess fraud versus transaction mix (28.1/100), repeatability (25.1/100). Amount severity is capped at 10% of the score."
226,069593ee-a4b1-4b1c-ad96-bd2b61c0c263,27.81061872909699,11,11,100.0,74.11599827511859,0.360908065592521,11.466375856595555,3,"BANK_TRANSFER, CARD_PAYMENT, TOPUP",1,AUT,1,25.08361204013378,25.08361204013378,25.75250836120401,42.14882943143812,25.418060200668897,224,PASSED,"{""GBP"": 87680.0}","Priority rank 226: 11 confirmed events across 3 transaction type(s) and 1 merchant country/countries. Strongest signals: attack breadth (42.1/100), excess fraud versus transaction mix (25.8/100), currency/type-normalised amount severity (25.4/100). Amount severity is capped at 10% of the score."
227,b92989a8-4d80-4e56-82ea-ec688a82c2f3,27.630852842809364,10,10,100.0,72.24598312333835,0.1956345360279293,11.755170263489807,2,"CARD_PAYMENT, TOPUP",1,LTU,1,22.40802675585284,22.40802675585284,27.424749163879596,29.3561872909699,54.18060200668896,138,PASSED,"{""GBP"": 97580.0}","Priority rank 227: 10 confirmed events across 2 transaction type(s) and 1 merchant country/countries. Strongest signals: currency/type-normalised amount severity (54.2/100), attack breadth (29.4/100), excess fraud versus transaction mix (27.4/100). Amount severity is capped at 10% of the score."
228,69641375-6942-4c7b-aba5-3fcfc1ee4148,27.509615384615387,11,11,100.0,74.11599827511859,0.4098657420366151,11.102296187108253,3,"BANK_TRANSFER, CARD_PAYMENT, TOPUP",1,GBR,1,25.08361204013378,25.08361204013378,24.414715719063544,42.14882943143812,25.08361204013378,225,PASSED,"{""GBP"": 109119.0}","Priority rank 228: 11 confirmed events across 3 transaction type(s) and 1 merchant country/countries. Strongest signals: attack breadth (42.1/100), repeatability (25.1/100), conservative fraud-rate conviction (25.1/100). Amount severity is capped at 10% of the score."
229,7427f674-a02d-4bd0-9655-e7dbe1897f33,27.32608695652174,11,11,100.0,74.11599827511859,0.3119503891484268,11.86133887797163,3,"BANK_TRANSFER, CARD_PAYMENT, TOPUP",1,GBR,2,25.08361204013378,25.08361204013378,28.428093645484946,49.397993311036785,4.3478260869565215,287,PASSED,"{""EUR"": 100.0, ""GBP"": 5747.0}","Priority rank 229: 11 confirmed events across 3 transaction type(s) and 1 merchant country/countries. Strongest signals: attack breadth (49.4/100), excess fraud versus transaction mix (28.4/100), repeatability (25.1/100). Amount severity is capped at 10% of the score."
230,0180632d-7737-42af-aaf0-95c2714d7854,27.125,8,8,100.0,67.55843804891231,0.24401907715127655,8.991759792135301,4,"BANK_TRANSFER, CARD_PAYMENT, P2P, TOPUP",1,GBR,1,17.892976588628763,17.892976588628763,17.725752508361204,57.70066889632107,50.836120401337794,148,PASSED,"{""GBP"": 882559.0}","Priority rank 230: 8 confirmed events across 4 transaction type(s) and 1 merchant country/countries. Strongest signals: attack breadth (57.7/100), currency/type-normalised amount severity (50.8/100), repeatability (17.9/100). Amount severity is capped at 10% of the score."
231,aa2894fa-8632-4391-adc8-ab8c698de970,26.732023411371237,10,10,100.0,72.24598312333835,0.4083409547850673,10.063968865956957,4,"ATM, BANK_TRANSFER, CARD_PAYMENT, TOPUP",1,GBR,1,22.40802675585284,22.40802675585284,21.73913043478261,57.70066889632107,14.046822742474916,258,PASSED,"{""GBP"": 27705.0}","Priority rank 231: 10 confirmed events across 4 transaction type(s) and 1 merchant country/countries. Strongest signals: attack breadth (57.7/100), repeatability (22.4/100), conservative fraud-rate conviction (22.4/100). Amount severity is capped at 10% of the score."
232,4b89d655-2df2-4c09-aa86-6eb6999e8d5b,25.594899665551836,9,9,100.0,70.08472464490406,0.3377490676883157,9.463979346209557,3,"ATM, CARD_PAYMENT, TOPUP",1,GBR,1,19.899665551839465,19.899665551839465,18.729096989966553,42.14882943143812,45.819397993311036,163,PASSED,"{""GBP"": 200545.0}","Priority rank 232: 9 confirmed events across 3 transaction type(s) and 1 merchant country/countries. Strongest signals: currency/type-normalised amount severity (45.8/100), attack breadth (42.1/100), repeatability (19.9/100). Amount severity is capped at 10% of the score."
233,f1e06f78-3eec-4cd6-9260-ce50ff53857b,25.44774247491639,9,9,100.0,70.08472464490406,0.3064089630215943,9.681029270272607,2,"BANK_TRANSFER, TOPUP",0,,3,19.899665551839465,19.899665551839465,20.234113712374583,26.229096989966553,65.21739130434783,105,PASSED,"{""EUR"": 275000.0, ""GBP"": 765000.0, ""RON"": 5100.0}","Priority rank 233: 9 confirmed events across 2 transaction type(s) and 0 merchant country/countries. Strongest signals: currency/type-normalised amount severity (65.2/100), attack breadth (26.2/100), excess fraud versus transaction mix (20.2/100). Amount severity is capped at 10% of the score."
234,ad02c182-89a2-4334-bc66-37f6053763c0,25.360785953177256,9,9,100.0,70.08472464490406,0.32505201778827686,9.550502309027921,3,"ATM, BANK_TRANSFER, TOPUP",1,GBR,1,19.899665551839465,19.899665551839465,19.063545150501675,42.14882943143812,42.80936454849498,172,PENDING,"{""GBP"": 253885.0}","Priority rank 234: 9 confirmed events across 3 transaction type(s) and 1 merchant country/countries. Strongest signals: currency/type-normalised amount severity (42.8/100), attack breadth (42.1/100), repeatability (19.9/100). Amount severity is capped at 10% of the score."
235,9d899287-ef30-4088-b7fd-09ff05f4fb05,24.992892976588628,8,8,100.0,67.55843804891231,0.288008462789285,8.687625742604856,3,"BANK_TRANSFER, CARD_PAYMENT, TOPUP",1,GBR,1,17.892976588628763,17.892976588628763,17.391304347826086,42.14882943143812,53.51170568561873,140,PASSED,"{""GBP"": 799317.0}","Priority rank 235: 8 confirmed events across 3 transaction type(s) and 1 merchant country/countries. Strongest signals: currency/type-normalised amount severity (53.5/100), attack breadth (42.1/100), repeatability (17.9/100). Amount severity is capped at 10% of the score."
236,fa32224f-18d7-468a-9d1f-eb6e51d98e49,24.755852842809364,12,12,100.0,75.74992425007574,0.5880567643238042,10.940415751661648,2,"BANK_TRANSFER, TOPUP",0,,1,28.595317725752505,28.595317725752505,24.08026755852843,17.82608695652174,15.384615384615385,254,PASSED,"{""GBP"": 115700.0}","Priority rank 236: 12 confirmed events across 2 transaction type(s) and 0 merchant country/countries. Strongest signals: repeatability (28.6/100), conservative fraud-rate conviction (28.6/100), excess fraud versus transaction mix (24.1/100). Amount severity is capped at 10% of the score."
237,eab08d99-ff9a-4d8b-a524-b5117cde49da,23.916387959866217,9,9,100.0,70.08472464490406,0.2107496064931961,10.425419113876622,3,"CARD_PAYMENT, P2P, TOPUP",1,NLD,4,19.899665551839465,19.899665551839465,22.74247491638796,50.80267558528428,8.02675585284281,276,PASSED,"{""CHF"": 1000.0, ""CZK"": 30000.0, ""EUR"": 115.0, ""GBP"": 15100.0}","Priority rank 237: 9 confirmed events across 3 transaction type(s) and 1 merchant country/countries. Strongest signals: attack breadth (50.8/100), excess fraud versus transaction mix (22.7/100), repeatability (19.9/100). Amount severity is capped at 10% of the score."
238,1b0cacfc-4bc7-44d8-9e45-850abbb45c36,23.752508361204015,12,12,100.0,75.74992425007574,0.5390990878797101,11.243208795841204,2,"BANK_TRANSFER, TOPUP",0,,1,28.595317725752505,28.595317725752505,24.74916387959866,17.82608695652174,4.013377926421405,288,PASSED,"{""GBP"": 16600.0}","Priority rank 238: 12 confirmed events across 2 transaction type(s) and 0 merchant country/countries. Strongest signals: repeatability (28.6/100), conservative fraud-rate conviction (28.6/100), excess fraud versus transaction mix (24.7/100). Amount severity is capped at 10% of the score."
239,61658bd6-8ead-493f-a279-6fce55573809,23.441889632107024,9,9,100.0,70.08472464490406,0.20578131568711044,10.467963085063523,2,"CARD_PAYMENT, TOPUP",1,LTU,1,19.899665551839465,19.899665551839465,23.076923076923077,29.3561872909699,34.78260869565217,196,PASSED,"{""GBP"": 52883.0}","Priority rank 239: 9 confirmed events across 2 transaction type(s) and 1 merchant country/countries. Strongest signals: currency/type-normalised amount severity (34.8/100), attack breadth (29.4/100), excess fraud versus transaction mix (23.1/100). Amount severity is capped at 10% of the score."
240,840a2f6a-b344-4e6b-84fe-ff27531f3125,23.20108695652174,7,7,100.0,64.56611570247934,0.3960705953366544,6.9763989649830975,2,"BANK_TRANSFER, TOPUP",0,,2,15.88628762541806,15.88628762541806,13.54515050167224,25.0752508361204,79.93311036789298,61,FAILED,"{""EUR"": 4947200.0, ""PLN"": 100.0}","Priority rank 240: 7 confirmed events across 2 transaction type(s) and 0 merchant country/countries. Strongest signals: currency/type-normalised amount severity (79.9/100), attack breadth (25.1/100), repeatability (15.9/100). Amount severity is capped at 10% of the score."
241,b3e25f60-6e56-4f38-8aee-c21e344fc8c6,23.15886287625418,11,11,100.0,74.11599827511859,0.4615357129270048,10.747182369339018,2,"BANK_TRANSFER, TOPUP",0,,1,25.08361204013378,25.08361204013378,23.745819397993312,17.82608695652174,19.39799331103679,242,PASSED,"{""GBP"": 154200.0}","Priority rank 241: 11 confirmed events across 2 transaction type(s) and 0 merchant country/countries. Strongest signals: repeatability (25.1/100), conservative fraud-rate conviction (25.1/100), excess fraud versus transaction mix (23.7/100). Amount severity is capped at 10% of the score."
242,4a871e49-ab12-4466-9ba7-e033b50fe509,22.873327759197323,8,8,100.0,67.55843804891231,0.15134063173330448,9.72503998428834,2,"CARD_PAYMENT, TOPUP",1,LTU,1,17.892976588628763,17.892976588628763,20.735785953177256,29.3561872909699,44.81605351170568,166,PASSED,"{""GBP"": 52921.0}","Priority rank 242: 8 confirmed events across 2 transaction type(s) and 1 merchant country/countries. Strongest signals: currency/type-normalised amount severity (44.8/100), attack breadth (29.4/100), excess fraud versus transaction mix (20.7/100). Amount severity is capped at 10% of the score."
243,15ba079f-d680-4ed9-acfb-10e95594e3d6,22.682274247491637,12,12,100.0,75.74992425007574,0.8328451465442748,9.672810755116314,2,"BANK_TRANSFER, TOPUP",0,,1,28.595317725752505,28.595317725752505,19.732441471571907,17.82608695652174,3.3444816053511706,290,FAILED,"{""GBP"": 9500.0}","Priority rank 243: 12 confirmed events across 2 transaction type(s) and 0 merchant country/countries. Strongest signals: repeatability (28.6/100), conservative fraud-rate conviction (28.6/100), excess fraud versus transaction mix (19.7/100). Amount severity is capped at 10% of the score."
244,bfc5a6cd-3a3b-446f-9008-8dcdc8467c14,22.38963210702341,10,10,100.0,72.24598312333835,0.4329300144183936,9.904998593240267,2,"BANK_TRANSFER, TOPUP",0,,1,22.40802675585284,22.40802675585284,21.40468227424749,17.82608695652174,31.103678929765888,207,PASSED,"{""GBP"": 431300.0}","Priority rank 244: 10 confirmed events across 2 transaction type(s) and 0 merchant country/countries. Strongest signals: currency/type-normalised amount severity (31.1/100), repeatability (22.4/100), conservative fraud-rate conviction (22.4/100). Amount severity is capped at 10% of the score."
245,4a8d3d14-6271-4f80-b336-f87332310832,22.15551839464883,10,10,100.0,72.24598312333835,0.20259020652967452,11.68853892947707,2,"P2P, TOPUP",0,,1,22.40802675585284,22.40802675585284,27.09030100334448,17.82608695652174,17.391304347826086,248,PASSED,"{""GBP"": 6700.0}","Priority rank 245: 10 confirmed events across 2 transaction type(s) and 0 merchant country/countries. Strongest signals: excess fraud versus transaction mix (27.1/100), repeatability (22.4/100), conservative fraud-rate conviction (22.4/100). Amount severity is capped at 10% of the score."
246,2124ed28-e41d-4844-bb31-f69e0cba697e,21.26797658862876,9,9,100.0,70.08472464490406,0.29473739611086536,9.764950633953687,2,"ATM, TOPUP",1,GBR,1,19.899665551839465,19.899665551839465,21.070234113712374,29.3561872909699,17.05685618729097,249,PASSED,"{""GBP"": 54600.0}","Priority rank 246: 9 confirmed events across 2 transaction type(s) and 1 merchant country/countries. Strongest signals: attack breadth (29.4/100), excess fraud versus transaction mix (21.1/100), repeatability (19.9/100). Amount severity is capped at 10% of the score."
247,36f51f99-dc94-4a6c-ac49-eb6eb693b896,20.87918060200669,8,8,100.0,67.55843804891231,0.2216536573903768,9.15636018752643,3,"ATM, CARD_PAYMENT, TOPUP",1,GBR,1,17.892976588628763,17.892976588628763,18.394648829431436,42.14882943143812,10.367892976588628,269,PASSED,"{""GBP"": 24750.0}","Priority rank 247: 8 confirmed events across 3 transaction type(s) and 1 merchant country/countries. Strongest signals: attack breadth (42.1/100), excess fraud versus transaction mix (18.4/100), repeatability (17.9/100). Amount severity is capped at 10% of the score."
248,5007cf33-0d86-4d35-8e9b-c91e94147d09,20.37458193979933,9,9,100.0,70.08472464490406,0.3064089630215943,9.681029270272607,2,"BANK_TRANSFER, TOPUP",0,,1,19.899665551839465,19.899665551839465,20.234113712374583,17.82608695652174,27.09030100334448,219,PASSED,"{""GBP"": 146500.0}","Priority rank 248: 9 confirmed events across 2 transaction type(s) and 0 merchant country/countries. Strongest signals: currency/type-normalised amount severity (27.1/100), excess fraud versus transaction mix (20.2/100), repeatability (19.9/100). Amount severity is capped at 10% of the score."
249,848fc1b1-096c-40f7-b04a-1399c469e421,19.86747491638796,6,6,100.0,60.96569663469354,0.3162835805115225,6.2908868071660695,4,"ATM, BANK_TRANSFER, P2P, TOPUP",1,GBR,1,12.54180602006689,12.54180602006689,10.702341137123746,57.70066889632107,21.73913043478261,235,PASSED,"{""GBP"": 106800.0}","Priority rank 249: 6 confirmed events across 4 transaction type(s) and 1 merchant country/countries. Strongest signals: attack breadth (57.7/100), currency/type-normalised amount severity (21.7/100), repeatability (12.5/100). Amount severity is capped at 10% of the score."
250,e7876b06-bcd8-4193-9eaa-b477313f6f1a,19.6128762541806,7,7,100.0,64.56611570247934,0.13565242594729077,8.609727603407974,2,"CARD_PAYMENT, TOPUP",1,LTU,2,15.88628762541806,15.88628762541806,17.05685618729097,36.60535117056856,19.732441471571907,241,PASSED,"{""EUR"": 500.0, ""GBP"": 23903.0}","Priority rank 250: 7 confirmed events across 2 transaction type(s) and 1 merchant country/countries. Strongest signals: attack breadth (36.6/100), currency/type-normalised amount severity (19.7/100), excess fraud versus transaction mix (17.1/100). Amount severity is capped at 10% of the score."
251,f1a18f9c-a276-4155-b830-c0256b2dc8a8,19.546822742474916,10,10,100.0,72.24598312333835,0.4818876908624878,9.605498690413345,2,"BANK_TRANSFER, TOPUP",0,,1,22.40802675585284,22.40802675585284,19.39799331103679,17.82608695652174,6.688963210702341,280,PASSED,"{""GBP"": 44000.0}","Priority rank 251: 10 confirmed events across 2 transaction type(s) and 0 merchant country/countries. Strongest signals: repeatability (22.4/100), conservative fraud-rate conviction (22.4/100), excess fraud versus transaction mix (19.4/100). Amount severity is capped at 10% of the score."
252,854c1b8a-70fa-4cef-abc6-0991ab9b381d,19.204013377926422,7,7,100.0,64.56611570247934,0.34711291889256024,7.2283554364154,2,"BANK_TRANSFER, TOPUP",0,,1,15.88628762541806,15.88628762541806,14.381270903010032,17.82608695652174,49.163879598662206,153,PASSED,"{""GBP"": 593100.0}","Priority rank 252: 7 confirmed events across 2 transaction type(s) and 0 merchant country/countries. Strongest signals: currency/type-normalised amount severity (49.2/100), attack breadth (17.8/100), repeatability (15.9/100). Amount severity is capped at 10% of the score."
253,60a60fab-8905-46b3-966b-b392b2b4d6ca,18.78637123745819,6,6,100.0,60.96569663469354,0.26954954393985503,6.5323653955758285,2,"BANK_TRANSFER, TOPUP",0,,2,12.54180602006689,12.54180602006689,12.040133779264215,25.0752508361204,57.19063545150501,129,PASSED,"{""EUR"": 228000.0, ""GBP"": 405200.0}","Priority rank 253: 6 confirmed events across 2 transaction type(s) and 0 merchant country/countries. Strongest signals: currency/type-normalised amount severity (57.2/100), attack breadth (25.1/100), repeatability (12.5/100). Amount severity is capped at 10% of the score."
254,1ff034a8-8992-4803-95bc-73675222760c,18.124163879598665,6,6,100.0,60.96569663469354,0.11996422016127706,7.467868394327498,2,"CARD_PAYMENT, TOPUP",1,LTU,1,12.54180602006689,12.54180602006689,15.050167224080269,29.3561872909699,38.12709030100335,186,PASSED,"{""GBP"": 41481.0}","Priority rank 254: 6 confirmed events across 2 transaction type(s) and 1 merchant country/countries. Strongest signals: currency/type-normalised amount severity (38.1/100), attack breadth (29.4/100), excess fraud versus transaction mix (15.1/100). Amount severity is capped at 10% of the score."
255,2c395ca1-833b-46d0-ab7f-032dbc85e620,17.501254180602007,6,6,100.0,60.96569663469354,0.19475688205056604,6.9647251674417054,3,"BANK_TRANSFER, CARD_PAYMENT, TOPUP",1,GBR,1,12.54180602006689,12.54180602006689,13.043478260869565,42.14882943143812,16.722408026755854,250,PASSED,"{""GBP"": 802045.0}","Priority rank 255: 6 confirmed events across 3 transaction type(s) and 1 merchant country/countries. Strongest signals: attack breadth (42.1/100), currency/type-normalised amount severity (16.7/100), excess fraud versus transaction mix (13.0/100). Amount severity is capped at 10% of the score."
256,bf6a1d66-0ef7-4f8f-a204-385610f1a853,17.297658862876254,7,7,100.0,64.56611570247934,0.29815524244846614,7.501544299665176,2,"BANK_TRANSFER, TOPUP",0,,1,15.88628762541806,15.88628762541806,15.719063545150503,17.82608695652174,27.424749163879596,218,FAILED,"{""GBP"": 158100.0}","Priority rank 256: 7 confirmed events across 2 transaction type(s) and 0 merchant country/countries. Strongest signals: currency/type-normalised amount severity (27.4/100), attack breadth (17.8/100), repeatability (15.9/100). Amount severity is capped at 10% of the score."
257,d507086c-eee3-4c9f-82d1-86826f948801,17.096989966555185,6,6,100.0,60.96569663469354,0.08816741249523,7.708531435032954,2,"P2P, TOPUP",0,,1,12.54180602006689,12.54180602006689,16.387959866220736,17.82608695652174,42.474916387959865,173,PASSED,"{""GBP"": 85200.0}","Priority rank 257: 6 confirmed events across 2 transaction type(s) and 0 merchant country/countries. Strongest signals: currency/type-normalised amount severity (42.5/100), attack breadth (17.8/100), excess fraud versus transaction mix (16.4/100). Amount severity is capped at 10% of the score."
258,4c76f21a-36cc-4a7b-8afe-f5fe26e43de8,16.75292642140468,7,7,100.0,64.56611570247934,0.18732239683768048,8.217459821666708,2,"CARD_PAYMENT, TOPUP",1,ITA,1,15.88628762541806,15.88628762541806,16.722408026755854,29.3561872909699,2.6755852842809364,292,PASSED,"{""EUR"": 2520.0}","Priority rank 258: 7 confirmed events across 2 transaction type(s) and 1 merchant country/countries. Strongest signals: attack breadth (29.4/100), excess fraud versus transaction mix (16.7/100), repeatability (15.9/100). Amount severity is capped at 10% of the score."
259,a70c844a-54f7-47ac-a0c4-485d29b6c553,16.368729096989966,6,6,100.0,60.96569663469354,0.15871669832906937,7.197123143335584,2,"CARD_PAYMENT, TOPUP",1,LTU,2,12.54180602006689,12.54180602006689,14.046822742474916,36.60535117056856,11.705685618729097,265,PASSED,"{""EUR"": 200.0, ""GBP"": 27229.0}","Priority rank 259: 6 confirmed events across 2 transaction type(s) and 1 merchant country/countries. Strongest signals: attack breadth (36.6/100), excess fraud versus transaction mix (14.0/100), repeatability (12.5/100). Amount severity is capped at 10% of the score."
260,659c843a-de99-468e-9a95-2ea7f7d2b431,16.18854515050167,5,5,100.0,56.5508505247919,0.17906867626455233,5.850245561780122,3,"BANK_TRANSFER, CARD_PAYMENT, TOPUP",1,GBR,1,8.695652173913043,8.695652173913043,9.364548494983277,42.14882943143812,32.10702341137124,204,PASSED,"{""GBP"": 1445100.0}","Priority rank 260: 5 confirmed events across 3 transaction type(s) and 1 merchant country/countries. Strongest signals: attack breadth (42.1/100), currency/type-normalised amount severity (32.1/100), excess fraud versus transaction mix (9.4/100). Amount severity is capped at 10% of the score."
261,5fe966b3-def5-4571-820f-1fbea8892554,16.160535117056856,7,7,100.0,64.56611570247934,0.29815524244846614,7.501544299665176,2,"BANK_TRANSFER, TOPUP",0,,1,15.88628762541806,15.88628762541806,15.719063545150503,17.82608695652174,16.05351170568562,252,PASSED,"{""GBP"": 71200.0}","Priority rank 261: 7 confirmed events across 2 transaction type(s) and 0 merchant country/countries. Strongest signals: attack breadth (17.8/100), currency/type-normalised amount severity (16.1/100), repeatability (15.9/100). Amount severity is capped at 10% of the score."
262,5b2915b9-d3e4-47de-bc91-87aab805a312,15.653428093645484,5,5,100.0,56.5508505247919,0.0963268124587516,6.350082239797069,3,"CARD_PAYMENT, P2P, TOPUP",1,LTU,1,8.695652173913043,8.695652173913043,11.37123745819398,42.14882943143812,22.74247491638796,232,PASSED,"{""GBP"": 39790.0}","Priority rank 262: 5 confirmed events across 3 transaction type(s) and 1 merchant country/countries. Strongest signals: attack breadth (42.1/100), currency/type-normalised amount severity (22.7/100), excess fraud versus transaction mix (11.4/100). Amount severity is capped at 10% of the score."
263,a7fb2215-429c-4ffe-b351-1e4fa8b7298b,15.290969899665553,7,7,100.0,64.56611570247934,0.29815524244846614,7.501544299665176,2,"BANK_TRANSFER, TOPUP",0,,1,15.88628762541806,15.88628762541806,15.719063545150503,17.82608695652174,7.357859531772576,278,PASSED,"{""GBP"": 45163.0}","Priority rank 263: 7 confirmed events across 2 transaction type(s) and 0 merchant country/countries. Strongest signals: attack breadth (17.8/100), repeatability (15.9/100), conservative fraud-rate conviction (15.9/100). Amount severity is capped at 10% of the score."
264,44bd7ca5-7a84-41d8-a206-1a307067393c,14.779682274247492,6,6,100.0,60.96569663469354,0.1328817128838745,7.375026253841834,2,"CARD_PAYMENT, TOPUP",1,NLD,1,12.54180602006689,12.54180602006689,14.715719063545151,29.3561872909699,5.351170568561873,284,PASSED,"{""GBP"": 6993.0}","Priority rank 264: 6 confirmed events across 2 transaction type(s) and 1 merchant country/countries. Strongest signals: attack breadth (29.4/100), excess fraud versus transaction mix (14.7/100), repeatability (12.5/100). Amount severity is capped at 10% of the score."
265,b447b160-50ec-47cf-95c3-1ccd425282a3,14.722408026755854,7,7,100.0,64.56611570247934,0.3960705953366544,6.9763989649830975,2,"BANK_TRANSFER, TOPUP",0,,1,15.88628762541806,15.88628762541806,13.54515050167224,17.82608695652174,6.0200668896321075,282,PASSED,"{""GBP"": 21000.0}","Priority rank 265: 7 confirmed events across 2 transaction type(s) and 0 merchant country/countries. Strongest signals: attack breadth (17.8/100), repeatability (15.9/100), conservative fraud-rate conviction (15.9/100). Amount severity is capped at 10% of the score."
266,db337f96-ae67-4b51-a50a-51df8ff4a817,13.484949832775918,6,6,100.0,60.96569663469354,0.26954954393985503,6.5323653955758285,2,"BANK_TRANSFER, TOPUP",0,,1,12.54180602006689,12.54180602006689,12.040133779264215,17.82608695652174,15.050167224080269,255,FAILED,"{""GBP"": 338798.0}","Priority rank 266: 6 confirmed events across 2 transaction type(s) and 0 merchant country/countries. Strongest signals: attack breadth (17.8/100), currency/type-normalised amount severity (15.1/100), repeatability (12.5/100). Amount severity is capped at 10% of the score."
267,b06f6a39-67d8-45e5-9b84-08f3ae1f5f07,13.351170568561873,6,6,100.0,60.96569663469354,0.22059186749576093,6.808300036432437,2,"BANK_TRANSFER, TOPUP",0,,1,12.54180602006689,12.54180602006689,12.709030100334449,17.82608695652174,12.37458193979933,263,PASSED,"{""GBP"": 497800.0}","Priority rank 267: 6 confirmed events across 2 transaction type(s) and 0 merchant country/countries. Strongest signals: attack breadth (17.8/100), excess fraud versus transaction mix (12.7/100), repeatability (12.5/100). Amount severity is capped at 10% of the score."
268,ab4e9bce-6b05-43b2-b609-da2a278789a3,13.050167224080267,6,6,100.0,60.96569663469354,0.31850722038394913,6.279877926776132,2,"BANK_TRANSFER, TOPUP",0,,1,12.54180602006689,12.54180602006689,10.200668896321071,17.82608695652174,14.381270903010032,257,PASSED,"{""GBP"": 263100.0}","Priority rank 268: 6 confirmed events across 2 transaction type(s) and 0 merchant country/countries. Strongest signals: attack breadth (17.8/100), currency/type-normalised amount severity (14.4/100), repeatability (12.5/100). Amount severity is capped at 10% of the score."
269,60afa02b-cc33-40bd-960c-bdcffd15fde3,12.816053511705684,6,6,100.0,60.96569663469354,0.26954954393985503,6.5323653955758285,2,"BANK_TRANSFER, TOPUP",0,,1,12.54180602006689,12.54180602006689,12.040133779264215,17.82608695652174,8.361204013377927,275,PASSED,"{""GBP"": 40200.0}","Priority rank 269: 6 confirmed events across 2 transaction type(s) and 0 merchant country/countries. Strongest signals: attack breadth (17.8/100), repeatability (12.5/100), conservative fraud-rate conviction (12.5/100). Amount severity is capped at 10% of the score."
270,1048fc57-54cb-40ff-b820-9ec96306789c,12.707357859531774,5,5,100.0,56.5508505247919,0.19198616898714976,5.779855770566915,2,"BANK_TRANSFER, TOPUP",0,,1,8.695652173913043,8.695652173913043,8.528428093645484,17.82608695652174,35.45150501672241,194,FAILED,"{""GBP"": 510100.0}","Priority rank 270: 5 confirmed events across 2 transaction type(s) and 0 merchant country/countries. Strongest signals: currency/type-normalised amount severity (35.5/100), attack breadth (17.8/100), repeatability (8.7/100). Amount severity is capped at 10% of the score."
271,0238733a-732b-4353-a463-20fc1868affd,12.581939799331103,6,6,100.0,60.96569663469354,0.31850722038394913,6.279877926776132,2,"BANK_TRANSFER, TOPUP",0,,1,12.54180602006689,12.54180602006689,10.200668896321071,17.82608695652174,9.698996655518394,271,PASSED,"{""GBP"": 142549.0}","Priority rank 271: 6 confirmed events across 2 transaction type(s) and 0 merchant country/countries. Strongest signals: attack breadth (17.8/100), repeatability (12.5/100), conservative fraud-rate conviction (12.5/100). Amount severity is capped at 10% of the score."
272,fb23710b-609a-49bf-8a9a-be49c59ce6de,12.426003344481606,4,4,100.0,51.009997959600085,0.0806386066727379,5.143542776903445,3,"CARD_PAYMENT, P2P, TOPUP",1,LTU,1,5.016722408026756,5.016722408026756,6.688963210702341,42.14882943143812,20.066889632107024,240,PASSED,"{""GBP"": 22209.0}","Priority rank 272: 4 confirmed events across 3 transaction type(s) and 1 merchant country/countries. Strongest signals: attack breadth (42.1/100), currency/type-normalised amount severity (20.1/100), excess fraud versus transaction mix (6.7/100). Amount severity is capped at 10% of the score."
273,32e568be-3985-44dd-ae7e-ac7c55fecb63,12.138795986622075,5,5,100.0,56.5508505247919,0.19198616898714976,5.779855770566915,2,"BANK_TRANSFER, TOPUP",0,,1,8.695652173913043,8.695652173913043,8.528428093645484,17.82608695652174,29.76588628762542,211,FAILED,"{""GBP"": 180100.0}","Priority rank 273: 5 confirmed events across 2 transaction type(s) and 0 merchant country/countries. Strongest signals: currency/type-normalised amount severity (29.8/100), attack breadth (17.8/100), repeatability (8.7/100). Amount severity is capped at 10% of the score."
274,e7b6e022-76ca-4fe9-992e-0773a4715b0c,11.493729096989966,5,5,100.0,56.5508505247919,0.10427601437526336,6.2979505574333485,2,"CARD_PAYMENT, TOPUP",1,GBR,1,8.695652173913043,8.695652173913043,11.036789297658862,29.3561872909699,1.0033444816053512,297,PENDING,"{""GBP"": 1210.0}","Priority rank 274: 5 confirmed events across 2 transaction type(s) and 1 merchant country/countries. Strongest signals: attack breadth (29.4/100), excess fraud versus transaction mix (11.0/100), repeatability (8.7/100). Amount severity is capped at 10% of the score."
275,c1aa4a5e-9733-4f8b-a544-e74d53cb08f1,11.302675585284282,5,5,100.0,56.5508505247919,0.19198616898714976,5.779855770566915,2,"BANK_TRANSFER, TOPUP",0,,1,8.695652173913043,8.695652173913043,8.528428093645484,17.82608695652174,21.40468227424749,236,FAILED,"{""GBP"": 94100.0}","Priority rank 275: 5 confirmed events across 2 transaction type(s) and 0 merchant country/countries. Strongest signals: currency/type-normalised amount severity (21.4/100), attack breadth (17.8/100), repeatability (8.7/100). Amount severity is capped at 10% of the score."
276,d0962ec7-375a-401d-9d46-4195c72a8f18,11.21948160535117,5,5,100.0,56.5508505247919,0.2409438454312439,5.528765651233668,2,"BANK_TRANSFER, TOPUP",0,,2,8.695652173913043,8.695652173913043,7.357859531772576,25.0752508361204,12.040133779264215,264,PASSED,"{""EUR"": 47005.0, ""GBP"": 41298.0}","Priority rank 276: 5 confirmed events across 2 transaction type(s) and 0 merchant country/countries. Strongest signals: attack breadth (25.1/100), currency/type-normalised amount severity (12.0/100), repeatability (8.7/100). Amount severity is capped at 10% of the score."
277,37c13171-ff52-4d7a-87a5-4f3b1ed43ad3,10.801003344481607,5,5,100.0,56.5508505247919,0.19198616898714976,5.779855770566915,2,"BANK_TRANSFER, TOPUP",0,,1,8.695652173913043,8.695652173913043,8.528428093645484,17.82608695652174,16.387959866220736,251,PASSED,"{""GBP"": 344197.0}","Priority rank 277: 5 confirmed events across 2 transaction type(s) and 0 merchant country/countries. Strongest signals: attack breadth (17.8/100), currency/type-normalised amount severity (16.4/100), repeatability (8.7/100). Amount severity is capped at 10% of the score."
278,49bc060c-d15b-4521-a902-42af914c1dc8,10.801003344481606,5,5,100.0,56.5508505247919,0.2409438454312439,5.528765651233668,2,"BANK_TRANSFER, TOPUP",0,,1,8.695652173913043,8.695652173913043,7.357859531772576,17.82608695652174,18.729096989966553,244,FAILED,"{""GBP"": 131400.0}","Priority rank 278: 5 confirmed events across 2 transaction type(s) and 0 merchant country/countries. Strongest signals: currency/type-normalised amount severity (18.7/100), attack breadth (17.8/100), repeatability (8.7/100). Amount severity is capped at 10% of the score."
279,e64aeb03-8135-41fe-b651-2d76d92c3649,10.299331103678929,5,5,100.0,56.5508505247919,0.12216179790394646,6.184088842873755,2,"P2P, TOPUP",0,,1,8.695652173913043,8.695652173913043,9.698996655518394,17.82608695652174,9.03010033444816,273,FAILED,"{""GBP"": 28100.0}","Priority rank 279: 5 confirmed events across 2 transaction type(s) and 0 merchant country/countries. Strongest signals: attack breadth (17.8/100), excess fraud versus transaction mix (9.7/100), currency/type-normalised amount severity (9.0/100). Amount severity is capped at 10% of the score."
280,e42cb964-d7d3-4d3a-ba89-def5c3da1a21,9.998327759197323,5,5,100.0,56.5508505247919,0.2409438454312439,5.528765651233668,2,"BANK_TRANSFER, TOPUP",0,,1,8.695652173913043,8.695652173913043,7.357859531772576,17.82608695652174,10.702341137123746,268,PASSED,"{""GBP"": 101600.0}","Priority rank 280: 5 confirmed events across 2 transaction type(s) and 0 merchant country/countries. Strongest signals: attack breadth (17.8/100), currency/type-normalised amount severity (10.7/100), repeatability (8.7/100). Amount severity is capped at 10% of the score."
281,8dce5699-fa52-44a9-9aaa-ba47ca8610ee,8.978260869565219,4,4,100.0,51.009997959600085,0.09355609939533532,5.070499051611582,2,"P2P, TOPUP",0,,1,5.016722408026756,5.016722408026756,6.0200668896321075,17.82608695652174,23.411371237458194,230,PENDING,"{""GBP"": 58100.0}","Priority rank 281: 4 confirmed events across 2 transaction type(s) and 0 merchant country/countries. Strongest signals: currency/type-normalised amount severity (23.4/100), attack breadth (17.8/100), excess fraud versus transaction mix (6.0/100). Amount severity is capped at 10% of the score."
282,7377f2fc-4585-49e8-8896-df332efc51c8,8.767976588628764,4,4,100.0,51.009997959600085,0.10150530131184708,5.026633466051423,2,"CARD_PAYMENT, TOPUP",1,GIB,1,5.016722408026756,5.016722408026756,5.68561872909699,29.3561872909699,4.682274247491638,286,PASSED,"{""GBP"": 3600.0}","Priority rank 282: 4 confirmed events across 2 transaction type(s) and 1 merchant country/countries. Strongest signals: attack breadth (29.4/100), excess fraud versus transaction mix (5.7/100), repeatability (5.0/100). Amount severity is capped at 10% of the score."
283,3a1e97cd-69a7-4c68-a98c-e0d7d606b07b,8.73453177257525,4,4,100.0,51.009997959600085,0.08858780858924967,5.098330132118983,2,"CARD_PAYMENT, TOPUP",1,GBR,1,5.016722408026756,5.016722408026756,6.354515050167224,29.3561872909699,3.0100334448160537,291,PASSED,"{""GBP"": 1669.0}","Priority rank 283: 4 confirmed events across 2 transaction type(s) and 1 merchant country/countries. Strongest signals: attack breadth (29.4/100), excess fraud versus transaction mix (6.4/100), repeatability (5.0/100). Amount severity is capped at 10% of the score."
284,a27088ef-9452-403d-9bbb-f7b10180cdda,8.460284280936454,4,4,100.0,51.009997959600085,0.21233814692263275,4.487744247912614,2,"BANK_TRANSFER, TOPUP",0,,2,5.016722408026756,5.016722408026756,3.3444816053511706,25.0752508361204,12.709030100334449,262,PASSED,"{""GBP"": 113986.0, ""USD"": 100.0}","Priority rank 284: 4 confirmed events across 2 transaction type(s) and 0 merchant country/countries. Strongest signals: attack breadth (25.1/100), currency/type-normalised amount severity (12.7/100), repeatability (5.0/100). Amount severity is capped at 10% of the score."
285,f89dc5b5-980a-4c20-bd66-e05220e60103,8.376254180602006,4,4,100.0,51.009997959600085,0.16338047047853865,4.710504165201382,2,"BANK_TRANSFER, TOPUP",0,,1,5.016722408026756,5.016722408026756,4.3478260869565215,17.82608695652174,20.735785953177256,238,PASSED,"{""GBP"": 465100.0}","Priority rank 285: 4 confirmed events across 2 transaction type(s) and 0 merchant country/countries. Strongest signals: currency/type-normalised amount severity (20.7/100), attack breadth (17.8/100), repeatability (5.0/100). Amount severity is capped at 10% of the score."
286,1d47e618-360f-48c0-b4f7-43bc4ecb91c3,7.774247491638795,4,4,100.0,51.009997959600085,0.16338047047853865,4.710504165201382,2,"BANK_TRANSFER, TOPUP",0,,1,5.016722408026756,5.016722408026756,4.3478260869565215,17.82608695652174,14.715719063545151,256,PASSED,"{""GBP"": 162430.0}","Priority rank 286: 4 confirmed events across 2 transaction type(s) and 0 merchant country/countries. Strongest signals: attack breadth (17.8/100), currency/type-normalised amount severity (14.7/100), repeatability (5.0/100). Amount severity is capped at 10% of the score."
287,5b6f20a3-b39a-4f1b-bc5a-974daab4d2ec,7.67391304347826,4,4,100.0,51.009997959600085,0.16338047047853865,4.710504165201382,2,"BANK_TRANSFER, TOPUP",0,,1,5.016722408026756,5.016722408026756,4.3478260869565215,17.82608695652174,13.712374581939798,259,FAILED,"{""GBP"": 222100.0}","Priority rank 287: 4 confirmed events across 2 transaction type(s) and 0 merchant country/countries. Strongest signals: attack breadth (17.8/100), currency/type-normalised amount severity (13.7/100), repeatability (5.0/100). Amount severity is capped at 10% of the score."
288,af730027-3230-4c5d-8a15-1ff94d063261,7.640468227424749,4,4,100.0,51.009997959600085,0.16338047047853865,4.710504165201382,2,"BANK_TRANSFER, TOPUP",0,,1,5.016722408026756,5.016722408026756,4.3478260869565215,17.82608695652174,13.377926421404682,260,PASSED,"{""GBP"": 216100.0}","Priority rank 288: 4 confirmed events across 2 transaction type(s) and 0 merchant country/countries. Strongest signals: attack breadth (17.8/100), currency/type-normalised amount severity (13.4/100), repeatability (5.0/100). Amount severity is capped at 10% of the score."
289,22182f7e-5297-4a45-afe9-bf318fdfe232,7.406354515050166,4,4,100.0,51.009997959600085,0.16338047047853865,4.710504165201382,2,"BANK_TRANSFER, TOPUP",0,,1,5.016722408026756,5.016722408026756,4.3478260869565215,17.82608695652174,11.036789297658862,267,FAILED,"{""GBP"": 102100.0}","Priority rank 289: 4 confirmed events across 2 transaction type(s) and 0 merchant country/countries. Strongest signals: attack breadth (17.8/100), currency/type-normalised amount severity (11.0/100), repeatability (5.0/100). Amount severity is capped at 10% of the score."
290,f9aa3e8a-caf9-4335-8a26-8dcded6213bc,6.318143812709031,2,2,100.0,34.23719528896193,0.044293904294624833,2.650860379698811,2,"CARD_PAYMENT, TOPUP",1,LTU,1,1.1705685618729096,1.1705685618729096,1.6722408026755853,29.3561872909699,9.364548494983277,272,PASSED,"{""GBP"": 7759.0}","Priority rank 290: 2 confirmed events across 2 transaction type(s) and 1 merchant country/countries. Strongest signals: attack breadth (29.4/100), currency/type-normalised amount severity (9.4/100), excess fraud versus transaction mix (1.7/100). Amount severity is capped at 10% of the score."
291,3f5a6056-fbb1-489e-b6a3-c43393b1f9c3,6.026755852842809,2,2,100.0,34.23719528896193,0.10616907346131638,2.4324522118848577,2,"BANK_TRANSFER, TOPUP",0,,1,1.1705685618729096,1.1705685618729096,0.6688963210702341,17.82608695652174,25.75250836120401,223,PASSED,"{""GBP"": 89336.0}","Priority rank 291: 2 confirmed events across 2 transaction type(s) and 0 merchant country/countries. Strongest signals: currency/type-normalised amount severity (25.8/100), attack breadth (17.8/100), repeatability (1.2/100). Amount severity is capped at 10% of the score."
292,ef2ba5df-4c6b-4a89-a3f3-0076496f49fc,5.612876254180603,4,4,100.0,51.009997959600085,0.11442279403444452,4.957033835581875,1,TOPUP,0,,1,5.016722408026756,5.016722408026756,5.351170568561873,10.88628762541806,1.5050167224080269,295,PASSED,"{""GBP"": 1300.0}","Priority rank 292: 4 confirmed events across 1 transaction type(s) and 0 merchant country/countries. Strongest signals: attack breadth (10.9/100), excess fraud versus transaction mix (5.4/100), repeatability (5.0/100). Amount severity is capped at 10% of the score."
293,3e2b6edf-d0c6-4abe-9a36-3d9f36f6f1dc,5.157190635451505,3,3,100.0,43.84939195509822,0.13477477196992751,3.5962422365145104,2,"BANK_TRANSFER, TOPUP",0,,1,2.508361204013378,2.508361204013378,2.0066889632107023,17.82608695652174,7.023411371237458,279,FAILED,"{""GBP"": 39900.0}","Priority rank 293: 3 confirmed events across 2 transaction type(s) and 0 merchant country/countries. Strongest signals: attack breadth (17.8/100), currency/type-normalised amount severity (7.0/100), repeatability (2.5/100). Amount severity is capped at 10% of the score."
294,b7462b03-6da5-4430-a114-5e74c8af8fe7,3.915551839464883,3,3,100.0,43.84939195509822,0.08581709552583339,3.807463822867343,1,TOPUP,0,,1,2.508361204013378,2.508361204013378,2.6755852842809364,10.88628762541806,3.678929765886288,289,PASSED,"{""GBP"": 7300.0}","Priority rank 294: 3 confirmed events across 1 transaction type(s) and 0 merchant country/countries. Strongest signals: attack breadth (10.9/100), currency/type-normalised amount severity (3.7/100), excess fraud versus transaction mix (2.7/100). Amount severity is capped at 10% of the score."
295,2955176a-349e-402e-862c-6d6823962e10,3.698160535117057,3,3,100.0,43.84939195509822,0.08581709552583339,3.807463822867343,1,TOPUP,0,,1,2.508361204013378,2.508361204013378,2.6755852842809364,10.88628762541806,1.5050167224080269,295,PASSED,"{""GBP"": 1200.0}","Priority rank 295: 3 confirmed events across 1 transaction type(s) and 0 merchant country/countries. Strongest signals: attack breadth (10.9/100), excess fraud versus transaction mix (2.7/100), repeatability (2.5/100). Amount severity is capped at 10% of the score."
296,cd02f595-d132-4d54-a340-644e913903a1,3.597826086956522,3,3,100.0,43.84939195509822,0.08581709552583339,3.807463822867343,1,TOPUP,0,,1,2.508361204013378,2.508361204013378,2.6755852842809364,10.88628762541806,0.5016722408026756,298,PASSED,"{""GBP"": 300.0}","Priority rank 296: 3 confirmed events across 1 transaction type(s) and 0 merchant country/countries. Strongest signals: attack breadth (10.9/100), excess fraud versus transaction mix (2.7/100), repeatability (2.5/100). Amount severity is capped at 10% of the score."
297,27c76eda-e159-4df3-845a-e13f4e28a8b5,2.7282608695652173,2,2,100.0,34.23719528896193,0.05721139701722226,2.6026486988149107,1,TOPUP,0,,1,1.1705685618729096,1.1705685618729096,1.1705685618729096,10.88628762541806,2.1739130434782608,293,PASSED,"{""GBP"": 1100.0}","Priority rank 297: 2 confirmed events across 1 transaction type(s) and 0 merchant country/countries. Strongest signals: attack breadth (10.9/100), currency/type-normalised amount severity (2.2/100), repeatability (1.2/100). Amount severity is capped at 10% of the score."
298,90c600ac-23f9-4417-a5bc-c10600bf54d4,2.7282608695652173,2,2,100.0,34.23719528896193,0.05721139701722226,2.6026486988149107,1,TOPUP,0,,1,1.1705685618729096,1.1705685618729096,1.1705685618729096,10.88628762541806,2.1739130434782608,293,PASSED,"{""GBP"": 1100.0}","Priority rank 298: 2 confirmed events across 1 transaction type(s) and 0 merchant country/countries. Strongest signals: attack breadth (10.9/100), currency/type-normalised amount severity (2.2/100), repeatability (1.2/100). Amount severity is capped at 10% of the score."
299,83fd347e-5de7-4280-8b84-a521e959d82d,1.9339464882943143,1,1,100.0,20.654329147389294,0.02860569850861113,1.336071287867586,1,TOPUP,0,,1,0.33444816053511706,0.33444816053511706,0.33444816053511706,10.88628762541806,0.5016722408026756,298,FAILED,"{""GBP"": 100.0}","Priority rank 299: 1 confirmed events across 1 transaction type(s) and 0 merchant country/countries. Strongest signals: attack breadth (10.9/100), currency/type-normalised amount severity (0.5/100), repeatability (0.3/100). Amount severity is capped at 10% of the score."
